timestamp,RandomForest,GradientBoosting,LightGBM,forecast_run_date
2025-08-29 15:00:00,61.44,61.47,61.34,2025-08-29
2025-08-29 16:00:00,61.44,61.47,61.34,2025-08-29
2025-08-29 17:00:00,61.99,61.63,61.6,2025-08-29
2025-08-29 18:00:00,62.0,61.77,61.72,2025-08-29
2025-08-29 19:00:00,62.0,61.77,61.72,2025-08-29
2025-08-29 20:00:00,62.0,61.77,61.72,2025-08-29
2025-08-29 21:00:00,62.0,61.77,61.72,2025-08-29
2025-08-29 22:00:00,62.0,61.77,61.72,2025-08-29
2025-08-29 23:00:00,62.0,61.77,61.73,2025-08-29
2025-08-30 00:00:00,62.0,61.77,61.74,2025-08-29
2025-08-30 01:00:00,62.0,61.77,61.74,2025-08-29
2025-08-30 02:00:00,62.0,61.77,61.74,2025-08-29
2025-08-30 03:00:00,62.0,61.77,61.74,2025-08-29
2025-08-30 04:00:00,62.0,61.77,61.74,2025-08-29
2025-08-30 05:00:00,62.0,61.77,61.74,2025-08-29
2025-08-30 06:00:00,62.0,61.77,61.74,2025-08-29
2025-08-30 07:00:00,76.47,77.14,76.9,2025-08-30
2025-08-30 08:00:00,76.47,77.14,76.9,2025-08-30
2025-08-30 09:00:00,76.39,77.91,77.17,2025-08-30
2025-08-30 10:00:00,76.39,77.91,77.17,2025-08-30
2025-08-30 11:00:00,76.39,77.91,77.17,2025-08-30
2025-08-30 12:00:00,76.39,77.91,77.17,2025-08-30
2025-08-30 13:00:00,76.39,77.91,77.17,2025-08-30
2025-08-30 14:00:00,76.39,77.91,77.17,2025-08-30
2025-08-30 15:00:00,76.39,77.91,77.17,2025-08-30
2025-08-30 16:00:00,76.39,77.91,77.17,2025-08-30
2025-08-30 17:00:00,76.39,77.91,77.17,2025-08-30
2025-08-30 18:00:00,76.39,77.91,77.17,2025-08-30
2025-08-30 19:00:00,76.39,77.91,77.17,2025-08-30
2025-08-30 20:00:00,76.39,77.91,77.17,2025-08-30
2025-08-30 21:00:00,76.39,77.91,77.17,2025-08-30
2025-08-30 22:00:00,76.39,77.91,77.17,2025-08-30
2025-08-30 23:00:00,76.39,77.91,77.17,2025-08-30
2025-08-31 00:00:00,76.39,77.91,77.17,2025-08-31
2025-08-31 01:00:00,76.39,77.91,77.17,2025-08-31
2025-08-31 02:00:00,76.39,77.91,77.17,2025-08-31
2025-08-31 03:00:00,76.39,77.91,77.17,2025-08-31
2025-08-31 04:00:00,76.39,77.91,77.17,2025-08-31
2025-08-31 05:00:00,76.39,77.91,77.17,2025-08-31
2025-08-31 06:00:00,76.39,77.91,77.17,2025-08-31
2025-08-31 07:00:00,76.39,77.91,77.17,2025-08-31
2025-08-31 08:00:00,76.39,77.91,77.17,2025-08-31
2025-08-31 09:00:00,76.39,77.91,77.17,2025-08-31
2025-08-31 10:00:00,76.39,77.91,77.17,2025-08-31
2025-08-31 11:00:00,76.39,77.91,77.17,2025-08-31
2025-08-31 12:00:00,76.39,77.91,77.17,2025-08-31
2025-08-31 13:00:00,76.39,77.91,77.17,2025-08-31
2025-08-31 14:00:00,76.39,77.91,77.17,2025-08-31
2025-08-31 15:00:00,76.39,77.91,77.17,2025-08-31
2025-08-31 16:00:00,76.39,77.91,77.17,2025-08-31
2025-08-31 17:00:00,76.39,77.91,77.17,2025-08-31
2025-08-31 18:00:00,76.39,77.91,77.17,2025-08-31
2025-08-31 19:00:00,76.39,77.91,77.17,2025-08-31
2025-08-31 20:00:00,76.39,77.91,77.17,2025-08-31
2025-08-31 21:00:00,76.39,77.91,77.17,2025-08-31
2025-08-31 22:00:00,76.39,77.91,77.17,2025-08-31
2025-08-31 23:00:00,76.39,77.91,77.17,2025-08-31
2025-09-01 00:00:00,76.39,77.91,77.17,2025-08-31
2025-09-01 01:00:00,76.39,77.91,77.17,2025-08-31
2025-09-01 02:00:00,76.39,77.91,77.17,2025-08-31
2025-09-01 03:00:00,76.39,77.91,77.17,2025-08-31
2025-09-01 04:00:00,76.39,77.91,77.17,2025-08-31
2025-09-01 05:00:00,76.39,77.91,77.17,2025-08-31
2025-09-01 06:00:00,76.39,77.91,77.17,2025-08-31
2025-09-01 07:00:00,76.39,77.91,77.17,2025-08-31
2025-09-01 08:00:00,76.39,77.91,77.17,2025-08-31
2025-09-01 09:00:00,76.39,77.91,77.17,2025-08-31
2025-09-01 10:00:00,76.39,77.91,77.17,2025-08-31
2025-09-01 11:00:00,76.39,77.91,77.17,2025-08-31
2025-09-01 12:00:00,76.39,77.91,77.17,2025-08-31
2025-09-01 13:00:00,76.39,77.91,77.17,2025-08-31
2025-09-01 14:00:00,76.39,77.91,77.17,2025-08-31
2025-09-01 15:00:00,76.39,77.91,77.17,2025-08-31
2025-09-01 16:00:00,76.39,77.91,77.17,2025-08-31
2025-09-01 17:00:00,76.39,77.91,77.17,2025-08-31
2025-09-01 18:00:00,76.39,77.91,77.17,2025-08-31
2025-09-01 19:00:00,67.11,66.58,66.6,2025-09-01
2025-09-01 20:00:00,67.11,66.58,66.6,2025-09-01
2025-09-01 21:00:00,67.1,66.76,66.58,2025-09-01
2025-09-01 22:00:00,67.1,66.76,66.58,2025-09-01
2025-09-01 23:00:00,67.1,66.76,66.58,2025-09-01
2025-09-02 00:00:00,67.1,66.76,66.58,2025-09-01
2025-09-02 01:00:00,67.1,66.76,66.58,2025-09-01
2025-09-02 02:00:00,67.1,66.76,66.58,2025-09-01
2025-09-02 03:00:00,67.1,66.76,66.58,2025-09-01
2025-09-02 04:00:00,67.1,66.76,66.58,2025-09-01
2025-09-02 05:00:00,67.1,66.76,66.58,2025-09-01
2025-09-02 06:00:00,67.1,66.76,66.58,2025-09-01
2025-09-02 07:00:00,67.1,66.76,66.58,2025-09-01
2025-09-02 08:00:00,67.1,66.76,66.58,2025-09-01
2025-09-02 09:00:00,67.1,66.76,66.58,2025-09-01
2025-09-02 10:00:00,67.1,66.76,66.58,2025-09-01
2025-09-02 11:00:00,67.1,66.76,66.58,2025-09-01
2025-09-02 12:00:00,67.1,66.76,66.58,2025-09-01
2025-09-02 13:00:00,67.1,66.76,66.58,2025-09-01
2025-09-02 14:00:00,67.1,66.76,66.58,2025-09-01
2025-09-02 15:00:00,67.1,66.76,66.58,2025-09-01
2025-09-02 16:00:00,67.1,66.76,66.58,2025-09-01
2025-09-02 17:00:00,67.1,66.76,66.58,2025-09-01
2025-09-02 18:00:00,67.1,66.76,66.58,2025-09-01
2025-09-02 19:00:00,63.08,62.89,62.84,2025-09-02
2025-09-02 20:00:00,63.08,62.89,62.84,2025-09-02
2025-09-02 21:00:00,63.08,62.89,62.84,2025-09-02
2025-09-02 22:00:00,63.08,62.89,62.84,2025-09-02
2025-09-02 23:00:00,63.08,62.89,62.84,2025-09-02
2025-09-03 00:00:00,63.08,62.89,62.84,2025-09-02
2025-09-03 01:00:00,63.08,62.89,62.84,2025-09-02
2025-09-03 02:00:00,63.08,62.89,62.84,2025-09-02
2025-09-03 03:00:00,63.08,62.89,62.84,2025-09-02
2025-09-03 04:00:00,63.08,62.88,62.84,2025-09-02
2025-09-03 05:00:00,63.08,62.88,62.84,2025-09-02
2025-09-03 06:00:00,63.08,62.88,62.84,2025-09-02
2025-09-03 07:00:00,63.08,62.88,62.84,2025-09-02
2025-09-03 08:00:00,63.08,62.88,62.84,2025-09-02
2025-09-03 09:00:00,63.08,62.88,62.84,2025-09-02
2025-09-03 10:00:00,63.08,62.88,62.84,2025-09-02
2025-09-03 11:00:00,63.08,62.88,62.84,2025-09-02
2025-09-03 12:00:00,63.08,62.88,62.84,2025-09-02
2025-09-03 13:00:00,63.08,62.88,62.84,2025-09-02
2025-09-03 14:00:00,63.08,62.88,62.84,2025-09-02
2025-09-03 15:00:00,63.08,62.88,62.84,2025-09-02
2025-09-03 16:00:00,63.08,62.88,62.84,2025-09-02
2025-09-03 17:00:00,63.08,62.88,62.84,2025-09-02
2025-09-03 18:00:00,63.08,62.88,62.84,2025-09-02
2025-09-03 19:00:00,61.0,60.97,60.98,2025-09-03
2025-09-03 20:00:00,61.0,60.97,60.98,2025-09-03
2025-09-03 21:00:00,61.0,61.07,61.06,2025-09-03
2025-09-03 22:00:00,61.0,61.07,61.05,2025-09-03
2025-09-03 23:00:00,61.0,61.07,61.05,2025-09-03
2025-09-04 00:00:00,61.0,61.07,61.05,2025-09-03
2025-09-04 01:00:00,61.0,61.07,61.05,2025-09-03
2025-09-04 02:00:00,61.0,61.07,61.05,2025-09-03
2025-09-04 03:00:00,61.0,61.07,61.05,2025-09-03
2025-09-04 04:00:00,61.0,61.07,61.05,2025-09-03
2025-09-04 05:00:00,61.0,61.07,61.05,2025-09-03
2025-09-04 06:00:00,61.0,61.07,61.05,2025-09-03
2025-09-04 07:00:00,61.0,61.07,61.05,2025-09-03
2025-09-04 08:00:00,61.0,61.07,61.05,2025-09-03
2025-09-04 09:00:00,61.0,61.07,61.05,2025-09-03
2025-09-04 10:00:00,61.0,61.07,61.05,2025-09-03
2025-09-04 11:00:00,61.0,61.07,61.05,2025-09-03
2025-09-04 12:00:00,61.0,61.07,61.05,2025-09-03
2025-09-04 13:00:00,61.0,61.07,61.05,2025-09-03
2025-09-04 14:00:00,61.0,61.07,61.05,2025-09-03
2025-09-04 15:00:00,61.0,61.07,61.05,2025-09-03
2025-09-04 16:00:00,61.0,61.07,61.05,2025-09-03
2025-09-04 17:00:00,61.0,61.07,61.05,2025-09-03
2025-09-04 18:00:00,61.0,61.07,61.05,2025-09-03
2025-09-04 19:00:00,59.02,58.87,58.87,2025-09-04
2025-09-04 20:00:00,59.02,58.87,58.87,2025-09-04
2025-09-04 21:00:00,59.06,58.92,58.89,2025-09-04
2025-09-04 22:00:00,59.06,58.92,58.89,2025-09-04
2025-09-04 23:00:00,59.06,58.92,58.89,2025-09-04
2025-09-05 00:00:00,59.06,58.92,58.89,2025-09-04
2025-09-05 01:00:00,59.06,58.92,58.89,2025-09-04
2025-09-05 02:00:00,59.06,58.92,58.89,2025-09-04
2025-09-05 03:00:00,59.06,58.92,58.89,2025-09-04
2025-09-05 04:00:00,59.06,58.92,58.89,2025-09-04
2025-09-05 05:00:00,59.06,58.92,58.89,2025-09-04
2025-09-05 06:00:00,59.06,58.92,58.89,2025-09-04
2025-09-05 07:00:00,59.06,58.92,58.89,2025-09-04
2025-09-05 08:00:00,59.06,58.92,58.89,2025-09-04
2025-09-05 09:00:00,59.06,58.92,58.89,2025-09-04
2025-09-05 10:00:00,59.06,58.92,58.89,2025-09-04
2025-09-05 11:00:00,59.06,58.92,58.89,2025-09-04
2025-09-05 12:00:00,59.06,58.92,58.89,2025-09-04
2025-09-05 13:00:00,59.06,58.92,58.89,2025-09-04
2025-09-05 14:00:00,59.06,58.92,58.89,2025-09-04
2025-09-05 15:00:00,59.06,58.92,58.89,2025-09-04
2025-09-05 16:00:00,59.06,58.92,58.89,2025-09-04
2025-09-05 17:00:00,59.06,58.92,58.89,2025-09-04
2025-09-05 18:00:00,59.06,58.92,58.89,2025-09-04
2025-09-05 19:00:00,58.14,58.01,58.36,2025-09-05
2025-09-05 20:00:00,58.14,58.01,58.36,2025-09-05
2025-09-05 21:00:00,58.15,58.53,58.18,2025-09-05
2025-09-05 22:00:00,58.15,58.85,58.18,2025-09-05
2025-09-05 23:00:00,58.15,58.85,58.18,2025-09-05
2025-09-06 00:00:00,58.15,58.85,58.18,2025-09-05
2025-09-06 01:00:00,58.15,58.85,58.18,2025-09-05
2025-09-06 02:00:00,58.15,58.85,58.18,2025-09-05
2025-09-06 03:00:00,58.15,58.85,58.18,2025-09-05
2025-09-06 04:00:00,58.15,58.85,58.18,2025-09-05
2025-09-06 05:00:00,58.15,58.85,58.18,2025-09-05
2025-09-06 06:00:00,58.15,58.85,58.18,2025-09-05
2025-09-06 07:00:00,58.15,58.85,58.18,2025-09-05
2025-09-06 08:00:00,58.16,58.85,58.18,2025-09-05
2025-09-06 09:00:00,58.16,58.85,58.18,2025-09-05
2025-09-06 10:00:00,58.17,58.85,58.18,2025-09-05
2025-09-06 11:00:00,58.17,58.85,58.18,2025-09-05
2025-09-06 12:00:00,58.17,58.85,58.18,2025-09-05
2025-09-06 13:00:00,58.17,58.85,58.18,2025-09-05
2025-09-06 14:00:00,58.17,58.85,58.18,2025-09-05
2025-09-06 15:00:00,58.17,58.85,58.18,2025-09-05
2025-09-06 16:00:00,58.17,58.85,58.18,2025-09-05
2025-09-06 17:00:00,58.17,58.85,58.18,2025-09-05
2025-09-06 18:00:00,58.17,58.85,58.18,2025-09-05
2025-09-06 19:00:00,59.22,58.73,58.72,2025-09-06
2025-09-06 20:00:00,59.22,58.73,58.72,2025-09-06
2025-09-06 21:00:00,59.19,59.29,58.51,2025-09-06
2025-09-06 22:00:00,59.19,59.29,58.51,2025-09-06
2025-09-06 23:00:00,59.19,59.29,58.51,2025-09-06
2025-09-07 00:00:00,59.19,59.29,58.51,2025-09-06
2025-09-07 01:00:00,59.19,59.29,58.51,2025-09-06
2025-09-07 02:00:00,59.19,59.29,58.51,2025-09-06
2025-09-07 03:00:00,59.19,59.29,58.51,2025-09-06
2025-09-07 04:00:00,59.19,59.29,58.51,2025-09-06
2025-09-07 05:00:00,59.19,59.29,58.51,2025-09-06
2025-09-07 06:00:00,59.19,59.29,58.51,2025-09-06
2025-09-07 07:00:00,59.19,59.29,58.51,2025-09-06
2025-09-07 08:00:00,59.19,59.29,58.51,2025-09-06
2025-09-07 09:00:00,59.19,59.29,58.51,2025-09-06
2025-09-07 10:00:00,59.19,59.29,58.51,2025-09-06
2025-09-07 11:00:00,59.19,59.29,58.51,2025-09-06
2025-09-07 12:00:00,59.19,59.29,58.51,2025-09-06
2025-09-07 13:00:00,59.19,59.29,58.51,2025-09-06
2025-09-07 14:00:00,59.19,59.29,58.51,2025-09-06
2025-09-07 15:00:00,59.19,59.29,58.51,2025-09-06
2025-09-07 16:00:00,59.19,59.29,58.51,2025-09-06
2025-09-07 17:00:00,59.19,59.29,58.51,2025-09-06
2025-09-07 18:00:00,59.19,59.29,58.51,2025-09-06
2025-09-07 19:00:00,66.0,66.11,65.84,2025-09-07
2025-09-07 20:00:00,66.0,66.11,65.84,2025-09-07
2025-09-07 21:00:00,66.0,66.19,65.95,2025-09-07
2025-09-07 22:00:00,66.0,66.19,65.95,2025-09-07
2025-09-07 23:00:00,66.0,66.19,65.95,2025-09-07
2025-09-08 00:00:00,66.0,66.19,65.95,2025-09-07
2025-09-08 01:00:00,66.0,66.19,65.95,2025-09-07
2025-09-08 02:00:00,66.0,66.19,65.95,2025-09-07
2025-09-08 03:00:00,66.0,66.19,65.95,2025-09-07
2025-09-08 04:00:00,66.0,66.19,65.95,2025-09-07
2025-09-08 05:00:00,66.0,66.19,65.95,2025-09-07
2025-09-08 06:00:00,66.0,66.19,65.95,2025-09-07
2025-09-08 07:00:00,66.0,66.19,65.95,2025-09-07
2025-09-08 08:00:00,66.0,66.19,65.95,2025-09-07
2025-09-08 09:00:00,66.0,66.19,65.95,2025-09-07
2025-09-08 10:00:00,66.0,66.19,65.95,2025-09-07
2025-09-08 11:00:00,66.0,66.19,65.95,2025-09-07
2025-09-08 12:00:00,66.0,66.19,65.95,2025-09-07
2025-09-08 13:00:00,66.0,66.19,65.95,2025-09-07
2025-09-08 14:00:00,66.0,66.19,65.95,2025-09-07
2025-09-08 15:00:00,66.0,66.19,65.95,2025-09-07
2025-09-08 16:00:00,66.0,66.19,65.95,2025-09-07
2025-09-08 17:00:00,66.0,66.19,65.95,2025-09-07
2025-09-08 18:00:00,66.0,66.19,65.95,2025-09-07
2025-09-08 19:00:00,66.04,65.71,66.0,2025-09-08
2025-09-08 20:00:00,66.04,65.71,66.0,2025-09-08
2025-09-08 21:00:00,66.04,65.71,66.0,2025-09-08
2025-09-08 22:00:00,66.04,65.71,66.0,2025-09-08
2025-09-08 23:00:00,66.04,65.71,66.0,2025-09-08
2025-09-09 00:00:00,66.04,65.71,66.0,2025-09-08
2025-09-09 01:00:00,66.04,65.71,66.0,2025-09-08
2025-09-09 02:00:00,66.04,65.71,66.0,2025-09-08
2025-09-09 03:00:00,66.04,65.71,66.0,2025-09-08
2025-09-09 04:00:00,66.04,65.71,66.0,2025-09-08
2025-09-09 05:00:00,66.04,65.71,66.0,2025-09-08
2025-09-09 06:00:00,66.04,65.71,66.0,2025-09-08
2025-09-09 07:00:00,66.04,65.71,66.0,2025-09-08
2025-09-09 08:00:00,66.04,65.71,66.0,2025-09-08
2025-09-09 09:00:00,66.04,65.71,66.0,2025-09-08
2025-09-09 10:00:00,66.04,65.71,66.0,2025-09-08
2025-09-09 11:00:00,66.04,65.71,66.0,2025-09-08
2025-09-09 12:00:00,66.04,65.71,66.0,2025-09-08
2025-09-09 13:00:00,66.04,65.71,66.0,2025-09-08
2025-09-09 14:00:00,66.04,65.71,66.0,2025-09-08
2025-09-09 15:00:00,66.04,65.71,66.0,2025-09-08
2025-09-09 16:00:00,66.04,65.71,66.0,2025-09-08
2025-09-09 17:00:00,66.04,65.71,66.0,2025-09-08
2025-09-09 18:00:00,66.04,65.71,66.0,2025-09-08
2025-09-09 19:00:00,34.76,35.64,35.06,2025-09-09
2025-09-09 20:00:00,34.76,35.64,35.06,2025-09-09
2025-09-09 21:00:00,34.66,36.11,35.19,2025-09-09
2025-09-09 22:00:00,34.66,36.11,35.19,2025-09-09
2025-09-09 23:00:00,34.66,36.11,35.19,2025-09-09
2025-09-10 00:00:00,34.66,36.11,35.19,2025-09-09
2025-09-10 01:00:00,34.66,36.11,35.19,2025-09-09
2025-09-10 02:00:00,34.66,36.11,35.19,2025-09-09
2025-09-10 03:00:00,34.66,36.11,35.19,2025-09-09
2025-09-10 04:00:00,34.66,36.11,35.19,2025-09-09
2025-09-10 05:00:00,34.66,36.11,35.19,2025-09-09
2025-09-10 06:00:00,34.66,36.11,35.19,2025-09-09
2025-09-10 07:00:00,34.66,36.11,35.19,2025-09-09
2025-09-10 08:00:00,34.66,36.11,35.19,2025-09-09
2025-09-10 09:00:00,34.66,36.11,35.19,2025-09-09
2025-09-10 10:00:00,34.66,36.11,35.19,2025-09-09
2025-09-10 11:00:00,34.66,36.11,35.19,2025-09-09
2025-09-10 12:00:00,34.66,36.11,35.19,2025-09-09
2025-09-10 13:00:00,34.66,36.11,35.19,2025-09-09
2025-09-10 14:00:00,34.66,36.11,35.19,2025-09-09
2025-09-10 15:00:00,34.66,36.11,35.19,2025-09-09
2025-09-10 16:00:00,38.05,37.73,37.64,2025-09-10
2025-09-10 17:00:00,38.05,37.73,37.64,2025-09-10
2025-09-10 18:00:00,38.05,37.73,37.63,2025-09-10
2025-09-10 19:00:00,38.05,37.73,37.63,2025-09-10
2025-09-10 20:00:00,38.05,37.73,37.63,2025-09-10
2025-09-10 21:00:00,38.05,37.73,37.63,2025-09-10
2025-09-10 22:00:00,38.05,37.73,37.63,2025-09-10
2025-09-10 23:00:00,38.05,37.73,37.63,2025-09-10
2025-09-11 00:00:00,38.05,37.73,37.63,2025-09-10
2025-09-11 01:00:00,38.05,37.73,37.63,2025-09-10
2025-09-11 02:00:00,38.05,37.73,37.63,2025-09-10
2025-09-11 03:00:00,38.05,37.73,37.63,2025-09-10
2025-09-11 04:00:00,38.05,37.73,37.63,2025-09-10
2025-09-11 05:00:00,38.05,37.73,37.63,2025-09-10
2025-09-11 06:00:00,38.05,37.73,37.63,2025-09-10
2025-09-11 07:00:00,38.05,37.73,37.63,2025-09-10
2025-09-11 08:00:00,38.05,37.73,37.63,2025-09-10
2025-09-11 09:00:00,38.05,37.73,37.63,2025-09-10
2025-09-11 10:00:00,38.05,37.73,37.63,2025-09-10
2025-09-11 11:00:00,38.05,37.73,37.63,2025-09-10
2025-09-11 12:00:00,38.05,37.73,37.63,2025-09-10
2025-09-11 13:00:00,38.05,37.73,37.63,2025-09-10
2025-09-11 14:00:00,38.05,37.73,37.63,2025-09-10
2025-09-11 15:00:00,38.05,37.73,37.63,2025-09-10
2025-09-11 16:00:00,38.05,37.73,37.63,2025-09-10
2025-09-11 17:00:00,38.05,37.73,37.63,2025-09-10
2025-09-11 18:00:00,38.05,37.73,37.63,2025-09-10
2025-09-11 19:00:00,38.05,37.73,37.63,2025-09-10
2025-09-11 20:00:00,38.05,37.73,37.63,2025-09-10
2025-09-11 21:00:00,38.05,37.73,37.63,2025-09-10
2025-09-11 22:00:00,38.05,37.73,37.63,2025-09-10
2025-09-11 23:00:00,38.05,37.73,37.63,2025-09-10
2025-09-12 00:00:00,33.06,32.66,32.31,2025-09-11
2025-09-12 01:00:00,33.08,32.38,31.97,2025-09-11
2025-09-12 02:00:00,33.08,32.22,31.97,2025-09-11
2025-09-12 03:00:00,33.08,32.22,31.97,2025-09-11
2025-09-12 04:00:00,33.08,32.22,31.97,2025-09-11
2025-09-12 05:00:00,33.08,32.22,31.97,2025-09-11
2025-09-12 06:00:00,33.08,32.22,31.97,2025-09-11
2025-09-12 07:00:00,33.08,32.22,31.97,2025-09-11
2025-09-12 08:00:00,33.08,32.22,31.97,2025-09-11
2025-09-12 09:00:00,33.08,32.22,31.97,2025-09-11
2025-09-12 10:00:00,33.08,32.22,31.97,2025-09-11
2025-09-12 11:00:00,33.08,32.22,31.97,2025-09-11
2025-09-12 12:00:00,33.08,32.22,31.97,2025-09-11
2025-09-12 13:00:00,33.08,32.22,31.97,2025-09-11
2025-09-12 14:00:00,33.08,32.22,31.97,2025-09-11
2025-09-12 15:00:00,33.08,32.22,31.97,2025-09-11
2025-09-12 16:00:00,33.08,32.22,31.97,2025-09-11
2025-09-12 17:00:00,33.08,32.22,31.97,2025-09-11
2025-09-12 18:00:00,33.08,32.22,31.97,2025-09-11
2025-09-12 19:00:00,33.08,32.22,31.97,2025-09-11
2025-09-12 20:00:00,33.08,32.22,31.97,2025-09-11
2025-09-12 21:00:00,33.08,32.22,31.97,2025-09-11
2025-09-12 22:00:00,33.08,32.22,31.97,2025-09-11
2025-09-12 23:00:00,33.08,32.22,31.97,2025-09-11
2025-09-13 00:00:00,25.94,25.81,24.38,2025-09-12
2025-09-13 01:00:00,25.86,25.9,21.44,2025-09-12
2025-09-13 02:00:00,25.86,25.9,21.41,2025-09-12
2025-09-13 03:00:00,25.86,25.9,21.41,2025-09-12
2025-09-13 04:00:00,25.86,25.9,21.41,2025-09-12
2025-09-13 05:00:00,25.86,25.9,21.41,2025-09-12
2025-09-13 06:00:00,25.86,25.9,21.41,2025-09-12
2025-09-13 07:00:00,25.86,25.9,21.41,2025-09-12
2025-09-13 08:00:00,25.86,25.9,21.41,2025-09-12
2025-09-13 09:00:00,25.86,25.9,21.41,2025-09-12
2025-09-13 10:00:00,25.86,25.9,21.41,2025-09-12
2025-09-13 11:00:00,25.86,25.9,21.41,2025-09-12
2025-09-13 12:00:00,25.86,25.9,21.41,2025-09-12
2025-09-13 13:00:00,25.86,25.9,21.41,2025-09-12
2025-09-13 14:00:00,25.86,25.9,21.41,2025-09-12
2025-09-13 15:00:00,25.86,25.9,21.41,2025-09-12
2025-09-13 16:00:00,25.86,25.9,21.41,2025-09-12
2025-09-13 17:00:00,25.86,25.9,21.41,2025-09-12
2025-09-13 18:00:00,25.86,25.9,21.41,2025-09-12
2025-09-13 19:00:00,25.86,25.9,21.41,2025-09-12
2025-09-13 20:00:00,25.86,25.9,21.41,2025-09-12
2025-09-13 21:00:00,25.86,25.9,21.41,2025-09-12
2025-09-13 22:00:00,25.86,25.9,21.41,2025-09-12
2025-09-13 23:00:00,25.86,25.9,21.41,2025-09-12
2025-09-14 00:00:00,20.89,20.75,18.38,2025-09-13
2025-09-14 01:00:00,20.89,20.75,17.8,2025-09-13
2025-09-14 02:00:00,20.89,20.75,17.8,2025-09-13
2025-09-14 03:00:00,20.89,20.75,17.8,2025-09-13
2025-09-14 04:00:00,20.89,20.75,17.8,2025-09-13
2025-09-14 05:00:00,20.89,20.75,17.8,2025-09-13
2025-09-14 06:00:00,20.89,20.75,17.8,2025-09-13
2025-09-14 07:00:00,20.89,20.75,17.8,2025-09-13
2025-09-14 08:00:00,20.89,20.75,17.8,2025-09-13
2025-09-14 09:00:00,20.89,20.75,17.8,2025-09-13
2025-09-14 10:00:00,20.89,20.75,17.8,2025-09-13
2025-09-14 11:00:00,20.89,20.75,17.8,2025-09-13
2025-09-14 12:00:00,20.89,20.75,17.8,2025-09-13
2025-09-14 13:00:00,20.89,20.75,17.8,2025-09-13
2025-09-14 14:00:00,20.89,20.75,17.8,2025-09-13
2025-09-14 15:00:00,20.89,20.75,17.8,2025-09-13
2025-09-14 16:00:00,20.89,20.75,17.8,2025-09-13
2025-09-14 17:00:00,20.89,20.75,17.8,2025-09-13
2025-09-14 18:00:00,20.89,20.75,17.8,2025-09-13
2025-09-14 19:00:00,20.89,20.75,17.8,2025-09-13
2025-09-14 20:00:00,20.89,20.75,17.8,2025-09-13
2025-09-14 21:00:00,20.89,20.75,17.8,2025-09-13
2025-09-14 22:00:00,20.89,20.75,17.8,2025-09-13
2025-09-14 23:00:00,20.89,20.75,17.8,2025-09-13
2025-09-15 00:00:00,16.36,15.33,16.88,2025-09-14
2025-09-15 01:00:00,16.36,15.33,16.88,2025-09-14
2025-09-15 02:00:00,16.36,15.33,16.88,2025-09-14
2025-09-15 03:00:00,16.36,15.33,16.88,2025-09-14
2025-09-15 04:00:00,16.36,15.33,16.88,2025-09-14
2025-09-15 05:00:00,16.36,15.33,16.88,2025-09-14
2025-09-15 06:00:00,16.36,15.33,16.88,2025-09-14
2025-09-15 07:00:00,16.36,15.33,16.88,2025-09-14
2025-09-15 08:00:00,16.36,15.33,16.88,2025-09-14
2025-09-15 09:00:00,16.36,15.33,16.88,2025-09-14
2025-09-15 10:00:00,16.36,15.33,16.88,2025-09-14
2025-09-15 11:00:00,16.36,15.33,16.88,2025-09-14
2025-09-15 12:00:00,16.36,15.33,16.88,2025-09-14
2025-09-15 13:00:00,16.36,15.33,16.88,2025-09-14
2025-09-15 14:00:00,16.36,15.33,16.88,2025-09-14
2025-09-15 15:00:00,16.36,15.33,16.88,2025-09-14
2025-09-15 16:00:00,16.36,15.33,16.88,2025-09-14
2025-09-15 17:00:00,16.36,15.33,16.88,2025-09-14
2025-09-15 18:00:00,16.36,15.33,16.88,2025-09-14
2025-09-15 19:00:00,16.36,15.33,16.88,2025-09-14
2025-09-15 20:00:00,16.36,15.33,16.88,2025-09-14
2025-09-15 21:00:00,16.36,15.33,16.88,2025-09-14
2025-09-15 22:00:00,16.36,15.33,16.88,2025-09-14
2025-09-15 23:00:00,16.36,15.33,16.88,2025-09-14
2025-09-16 00:00:00,22.57,23.49,19.48,2025-09-15
2025-09-16 01:00:00,22.67,22.38,17.86,2025-09-15
2025-09-16 02:00:00,22.68,22.38,17.79,2025-09-15
2025-09-16 03:00:00,22.69,22.38,17.79,2025-09-15
2025-09-16 04:00:00,22.69,22.38,17.79,2025-09-15
2025-09-16 05:00:00,22.69,22.38,17.79,2025-09-15
2025-09-16 06:00:00,22.69,22.38,17.79,2025-09-15
2025-09-16 07:00:00,22.69,22.44,17.79,2025-09-15
2025-09-16 08:00:00,22.69,22.44,17.79,2025-09-15
2025-09-16 09:00:00,22.69,22.44,17.79,2025-09-15
2025-09-16 10:00:00,22.69,22.44,17.79,2025-09-15
2025-09-16 11:00:00,22.69,22.44,17.79,2025-09-15
2025-09-16 12:00:00,22.69,22.44,17.79,2025-09-15
2025-09-16 13:00:00,22.69,22.44,17.79,2025-09-15
2025-09-16 14:00:00,22.69,22.44,17.79,2025-09-15
2025-09-16 15:00:00,22.69,22.44,17.79,2025-09-15
2025-09-16 16:00:00,22.69,22.44,17.79,2025-09-15
2025-09-16 17:00:00,22.69,22.44,17.79,2025-09-15
2025-09-16 18:00:00,22.69,22.44,17.79,2025-09-15
2025-09-16 19:00:00,22.69,22.44,17.79,2025-09-15
2025-09-16 20:00:00,22.69,22.44,17.79,2025-09-15
2025-09-16 21:00:00,22.69,22.44,17.79,2025-09-15
2025-09-16 22:00:00,22.69,22.44,17.79,2025-09-15
2025-09-16 23:00:00,22.69,22.44,17.79,2025-09-15
2025-09-17 00:00:00,38.04,37.58,37.68,2025-09-16
2025-09-17 01:00:00,38.03,37.52,37.63,2025-09-16
2025-09-17 02:00:00,38.03,37.52,37.63,2025-09-16
2025-09-17 03:00:00,38.03,37.52,37.63,2025-09-16
2025-09-17 04:00:00,38.03,37.52,37.63,2025-09-16
2025-09-17 05:00:00,38.03,37.52,37.63,2025-09-16
2025-09-17 06:00:00,38.03,37.52,37.63,2025-09-16
2025-09-17 07:00:00,38.03,37.52,37.63,2025-09-16
2025-09-17 08:00:00,38.03,37.52,37.63,2025-09-16
2025-09-17 09:00:00,38.03,37.52,37.63,2025-09-16
2025-09-17 10:00:00,38.03,37.52,37.63,2025-09-16
2025-09-17 11:00:00,38.03,37.52,37.63,2025-09-16
2025-09-17 12:00:00,38.03,37.52,37.63,2025-09-16
2025-09-17 13:00:00,38.03,37.52,37.63,2025-09-16
2025-09-17 14:00:00,38.03,37.52,37.63,2025-09-16
2025-09-17 15:00:00,38.03,37.52,37.63,2025-09-16
2025-09-17 16:00:00,38.03,37.52,37.63,2025-09-16
2025-09-17 17:00:00,38.03,37.52,37.63,2025-09-16
2025-09-17 18:00:00,38.03,37.52,37.63,2025-09-16
2025-09-17 19:00:00,38.03,37.52,37.63,2025-09-16
2025-09-17 20:00:00,38.03,37.52,37.63,2025-09-16
2025-09-17 21:00:00,38.03,37.52,37.63,2025-09-16
2025-09-17 22:00:00,38.03,37.52,37.63,2025-09-16
2025-09-17 23:00:00,38.03,37.52,37.63,2025-09-16
2025-09-18 00:00:00,30.1,29.86,30.74,2025-09-17
2025-09-18 01:00:00,30.0,29.93,30.97,2025-09-17
2025-09-18 02:00:00,30.0,29.93,30.97,2025-09-17
2025-09-18 03:00:00,30.0,29.93,30.97,2025-09-17
2025-09-18 04:00:00,30.0,29.93,30.97,2025-09-17
2025-09-18 05:00:00,30.0,29.93,30.97,2025-09-17
2025-09-18 06:00:00,30.0,29.93,30.97,2025-09-17
2025-09-18 07:00:00,30.0,29.93,30.97,2025-09-17
2025-09-18 08:00:00,30.0,29.93,30.97,2025-09-17
2025-09-18 09:00:00,30.0,29.93,30.97,2025-09-17
2025-09-18 10:00:00,30.0,29.93,30.97,2025-09-17
2025-09-18 11:00:00,30.0,29.93,30.97,2025-09-17
2025-09-18 12:00:00,30.0,29.93,30.97,2025-09-17
2025-09-18 13:00:00,30.01,29.93,30.97,2025-09-17
2025-09-18 14:00:00,30.01,29.93,30.97,2025-09-17
2025-09-18 15:00:00,30.01,29.93,30.97,2025-09-17
2025-09-18 16:00:00,30.01,29.93,30.97,2025-09-17
2025-09-18 17:00:00,30.01,29.93,30.97,2025-09-17
2025-09-18 18:00:00,30.01,29.93,30.97,2025-09-17
2025-09-18 19:00:00,30.01,29.93,30.97,2025-09-17
2025-09-18 20:00:00,30.01,29.93,30.97,2025-09-17
2025-09-18 21:00:00,30.01,29.93,30.97,2025-09-17
2025-09-18 22:00:00,30.01,29.93,30.97,2025-09-17
2025-09-18 23:00:00,30.01,29.93,30.97,2025-09-17
2025-09-19 00:00:00,29.96,30.07,29.02,2025-09-18
2025-09-19 01:00:00,29.96,30.07,29.02,2025-09-18
2025-09-19 02:00:00,29.96,30.07,29.02,2025-09-18
2025-09-19 03:00:00,29.96,30.07,29.02,2025-09-18
2025-09-19 04:00:00,29.96,30.07,29.02,2025-09-18
2025-09-19 05:00:00,29.96,30.07,29.02,2025-09-18
2025-09-19 06:00:00,29.96,30.07,29.02,2025-09-18
2025-09-19 07:00:00,29.96,30.07,29.02,2025-09-18
2025-09-19 08:00:00,29.96,30.07,29.02,2025-09-18
2025-09-19 09:00:00,29.96,30.07,29.02,2025-09-18
2025-09-19 10:00:00,29.96,30.07,29.02,2025-09-18
2025-09-19 11:00:00,29.96,30.07,29.02,2025-09-18
2025-09-19 12:00:00,29.96,30.07,29.02,2025-09-18
2025-09-19 13:00:00,29.96,30.07,29.02,2025-09-18
2025-09-19 14:00:00,29.96,30.07,29.02,2025-09-18
2025-09-19 15:00:00,29.96,30.07,29.02,2025-09-18
2025-09-19 16:00:00,29.96,30.07,29.02,2025-09-18
2025-09-19 17:00:00,29.96,30.07,29.02,2025-09-18
2025-09-19 18:00:00,29.96,30.07,29.02,2025-09-18
2025-09-19 19:00:00,29.96,30.07,29.02,2025-09-18
2025-09-19 20:00:00,29.96,30.07,29.02,2025-09-18
2025-09-19 21:00:00,29.96,30.07,29.02,2025-09-18
2025-09-19 22:00:00,29.96,30.07,29.02,2025-09-18
2025-09-19 23:00:00,29.96,30.07,29.02,2025-09-18
2025-09-20 00:00:00,26.78,27.73,26.55,2025-09-19
2025-09-20 01:00:00,26.78,27.89,26.55,2025-09-19
2025-09-20 02:00:00,26.78,27.89,26.55,2025-09-19
2025-09-20 03:00:00,26.78,27.89,26.55,2025-09-19
2025-09-20 04:00:00,26.78,27.89,26.55,2025-09-19
2025-09-20 05:00:00,26.78,27.89,26.55,2025-09-19
2025-09-20 06:00:00,26.78,27.89,26.55,2025-09-19
2025-09-20 07:00:00,26.78,27.89,26.55,2025-09-19
2025-09-20 08:00:00,26.78,27.89,26.55,2025-09-19
2025-09-20 09:00:00,26.78,27.89,26.55,2025-09-19
2025-09-20 10:00:00,26.78,27.89,26.55,2025-09-19
2025-09-20 11:00:00,26.78,27.89,26.55,2025-09-19
2025-09-20 12:00:00,26.78,27.89,26.55,2025-09-19
2025-09-20 13:00:00,26.78,27.89,26.55,2025-09-19
2025-09-20 14:00:00,26.78,27.89,26.55,2025-09-19
2025-09-20 15:00:00,26.78,27.89,26.55,2025-09-19
2025-09-20 16:00:00,26.78,27.89,26.55,2025-09-19
2025-09-20 17:00:00,26.78,27.89,26.55,2025-09-19
2025-09-20 18:00:00,26.78,27.89,26.55,2025-09-19
2025-09-20 19:00:00,26.78,27.89,26.55,2025-09-19
2025-09-20 20:00:00,26.78,27.89,26.55,2025-09-19
2025-09-20 21:00:00,26.78,27.89,26.55,2025-09-19
2025-09-20 22:00:00,26.78,27.89,26.55,2025-09-19
2025-09-20 23:00:00,26.78,27.89,26.55,2025-09-19
2025-09-21 00:00:00,16.57,17.0,19.54,2025-09-20
2025-09-21 01:00:00,16.58,16.47,19.39,2025-09-20
2025-09-21 02:00:00,16.58,16.47,18.99,2025-09-20
2025-09-21 03:00:00,16.58,16.47,18.99,2025-09-20
2025-09-21 04:00:00,16.58,16.47,18.99,2025-09-20
2025-09-21 05:00:00,16.58,16.47,18.99,2025-09-20
2025-09-21 06:00:00,16.58,16.47,18.99,2025-09-20
2025-09-21 07:00:00,16.58,16.47,18.99,2025-09-20
2025-09-21 08:00:00,16.58,16.47,18.99,2025-09-20
2025-09-21 09:00:00,16.58,16.47,18.99,2025-09-20
2025-09-21 10:00:00,16.58,16.47,18.99,2025-09-20
2025-09-21 11:00:00,16.58,16.47,18.99,2025-09-20
2025-09-21 12:00:00,16.58,16.47,18.99,2025-09-20
2025-09-21 13:00:00,16.58,16.47,18.99,2025-09-20
2025-09-21 14:00:00,16.58,16.47,18.99,2025-09-20
2025-09-21 15:00:00,16.58,16.47,18.99,2025-09-20
2025-09-21 16:00:00,16.58,16.47,18.99,2025-09-20
2025-09-21 17:00:00,16.58,16.47,18.99,2025-09-20
2025-09-21 18:00:00,16.58,16.47,18.99,2025-09-20
2025-09-21 19:00:00,16.58,16.47,18.99,2025-09-20
2025-09-21 20:00:00,16.58,16.47,18.99,2025-09-20
2025-09-21 21:00:00,16.58,16.47,18.99,2025-09-20
2025-09-21 22:00:00,16.58,16.47,18.99,2025-09-20
2025-09-21 23:00:00,16.58,16.47,18.99,2025-09-20
2025-09-22 00:00:00,16.5,16.34,18.59,2025-09-21
2025-09-22 01:00:00,16.5,16.34,18.63,2025-09-21
2025-09-22 02:00:00,16.5,16.34,18.63,2025-09-21
2025-09-22 03:00:00,16.5,16.34,18.63,2025-09-21
2025-09-22 04:00:00,16.5,16.34,18.63,2025-09-21
2025-09-22 05:00:00,16.5,16.34,18.63,2025-09-21
2025-09-22 06:00:00,16.5,16.34,18.63,2025-09-21
2025-09-22 07:00:00,16.5,16.34,18.63,2025-09-21
2025-09-22 08:00:00,16.5,16.34,18.63,2025-09-21
2025-09-22 09:00:00,16.5,16.34,18.63,2025-09-21
2025-09-22 10:00:00,16.5,16.34,18.63,2025-09-21
2025-09-22 11:00:00,16.5,16.34,18.63,2025-09-21
2025-09-22 12:00:00,16.5,16.34,18.63,2025-09-21
2025-09-22 13:00:00,16.5,16.34,18.63,2025-09-21
2025-09-22 14:00:00,16.5,16.34,18.63,2025-09-21
2025-09-22 15:00:00,16.5,16.34,18.63,2025-09-21
2025-09-22 16:00:00,16.5,16.34,18.63,2025-09-21
2025-09-22 17:00:00,16.5,16.34,18.63,2025-09-21
2025-09-22 18:00:00,16.5,16.34,18.63,2025-09-21
2025-09-22 19:00:00,16.5,16.34,18.63,2025-09-21
2025-09-22 20:00:00,16.5,16.34,18.63,2025-09-21
2025-09-22 21:00:00,16.5,16.34,18.63,2025-09-21
2025-09-22 22:00:00,16.5,16.34,18.63,2025-09-21
2025-09-22 23:00:00,16.5,16.34,18.63,2025-09-21
2025-09-23 00:00:00,16.36,15.6,16.93,2025-09-22
2025-09-23 01:00:00,16.36,15.6,16.93,2025-09-22
2025-09-23 02:00:00,16.36,15.6,16.93,2025-09-22
2025-09-23 03:00:00,16.36,15.6,16.93,2025-09-22
2025-09-23 04:00:00,16.36,15.6,16.93,2025-09-22
2025-09-23 05:00:00,16.36,15.6,16.93,2025-09-22
2025-09-23 06:00:00,16.36,15.6,16.93,2025-09-22
2025-09-23 07:00:00,16.36,15.6,16.93,2025-09-22
2025-09-23 08:00:00,16.36,15.6,16.93,2025-09-22
2025-09-23 09:00:00,16.36,15.6,16.93,2025-09-22
2025-09-23 10:00:00,16.36,15.6,16.93,2025-09-22
2025-09-23 11:00:00,16.36,15.6,16.93,2025-09-22
2025-09-23 12:00:00,16.36,15.6,16.93,2025-09-22
2025-09-23 13:00:00,16.36,15.6,16.93,2025-09-22
2025-09-23 14:00:00,16.36,15.6,16.93,2025-09-22
2025-09-23 15:00:00,16.36,15.6,16.93,2025-09-22
2025-09-23 16:00:00,16.36,15.6,16.93,2025-09-22
2025-09-23 17:00:00,16.36,15.6,16.93,2025-09-22
2025-09-23 18:00:00,16.36,15.6,16.93,2025-09-22
2025-09-23 19:00:00,16.36,15.6,16.93,2025-09-22
2025-09-23 20:00:00,16.36,15.6,16.93,2025-09-22
2025-09-23 21:00:00,16.36,15.6,16.93,2025-09-22
2025-09-23 22:00:00,16.36,15.6,16.93,2025-09-22
2025-09-23 23:00:00,16.36,15.6,16.93,2025-09-22
2025-09-24 00:00:00,18.0,18.05,17.82,2025-09-23
2025-09-24 01:00:00,18.0,17.81,17.06,2025-09-23
2025-09-24 02:00:00,18.0,17.81,17.06,2025-09-23
2025-09-24 03:00:00,18.0,17.81,17.06,2025-09-23
2025-09-24 04:00:00,18.0,17.81,17.06,2025-09-23
2025-09-24 05:00:00,18.0,17.81,17.06,2025-09-23
2025-09-24 06:00:00,18.0,17.81,17.06,2025-09-23
2025-09-24 07:00:00,18.0,17.81,17.06,2025-09-23
2025-09-24 08:00:00,18.0,17.81,17.06,2025-09-23
2025-09-24 09:00:00,18.0,17.81,17.06,2025-09-23
2025-09-24 10:00:00,18.01,17.81,17.06,2025-09-23
2025-09-24 11:00:00,18.01,17.81,17.06,2025-09-23
2025-09-24 12:00:00,18.01,17.81,17.06,2025-09-23
2025-09-24 13:00:00,18.01,17.81,17.06,2025-09-23
2025-09-24 14:00:00,18.01,17.81,17.06,2025-09-23
2025-09-24 15:00:00,18.01,17.81,17.06,2025-09-23
2025-09-24 16:00:00,18.01,17.81,17.06,2025-09-23
2025-09-24 17:00:00,18.01,17.81,17.06,2025-09-23
2025-09-24 18:00:00,18.01,17.81,17.06,2025-09-23
2025-09-24 19:00:00,18.01,17.81,17.06,2025-09-23
2025-09-24 20:00:00,18.01,17.81,17.06,2025-09-23
2025-09-24 21:00:00,18.01,17.81,17.06,2025-09-23
2025-09-24 22:00:00,18.01,17.81,17.06,2025-09-23
2025-09-24 23:00:00,18.01,17.81,17.06,2025-09-23
2025-09-25 00:00:00,22.39,21.98,21.28,2025-09-24
2025-09-25 01:00:00,22.46,21.52,20.53,2025-09-24
2025-09-25 02:00:00,22.46,21.52,20.53,2025-09-24
2025-09-25 03:00:00,22.46,21.52,20.53,2025-09-24
2025-09-25 04:00:00,22.46,21.52,20.53,2025-09-24
2025-09-25 05:00:00,22.46,21.52,20.53,2025-09-24
2025-09-25 06:00:00,22.46,21.52,20.53,2025-09-24
2025-09-25 07:00:00,22.46,21.52,20.53,2025-09-24
2025-09-25 08:00:00,22.46,21.52,20.53,2025-09-24
2025-09-25 09:00:00,22.46,21.52,20.53,2025-09-24
2025-09-25 10:00:00,22.46,21.52,20.53,2025-09-24
2025-09-25 11:00:00,22.46,21.52,20.53,2025-09-24
2025-09-25 12:00:00,22.46,21.52,20.53,2025-09-24
2025-09-25 13:00:00,22.46,21.52,20.53,2025-09-24
2025-09-25 14:00:00,22.46,21.52,20.53,2025-09-24
2025-09-25 15:00:00,22.46,21.52,20.53,2025-09-24
2025-09-25 16:00:00,22.46,21.52,20.53,2025-09-24
2025-09-25 17:00:00,22.46,21.52,20.53,2025-09-24
2025-09-25 18:00:00,22.46,21.52,20.53,2025-09-24
2025-09-25 19:00:00,22.46,21.52,20.53,2025-09-24
2025-09-25 20:00:00,22.46,21.52,20.53,2025-09-24
2025-09-25 21:00:00,22.46,21.52,20.53,2025-09-24
2025-09-25 22:00:00,22.46,21.52,20.53,2025-09-24
2025-09-25 23:00:00,22.46,21.52,20.53,2025-09-24
2025-09-26 00:00:00,32.02,31.35,31.8,2025-09-25
2025-09-26 01:00:00,32.0,31.37,32.01,2025-09-25
2025-09-26 02:00:00,32.0,31.37,32.01,2025-09-25
2025-09-26 03:00:00,32.0,31.37,32.01,2025-09-25
2025-09-26 04:00:00,32.0,31.37,32.01,2025-09-25
2025-09-26 05:00:00,32.0,31.37,32.01,2025-09-25
2025-09-26 06:00:00,32.0,31.37,32.01,2025-09-25
2025-09-26 07:00:00,32.0,31.37,32.01,2025-09-25
2025-09-26 08:00:00,32.0,31.37,32.01,2025-09-25
2025-09-26 09:00:00,32.0,31.37,32.01,2025-09-25
2025-09-26 10:00:00,32.0,31.37,32.01,2025-09-25
2025-09-26 11:00:00,32.0,31.37,32.01,2025-09-25
2025-09-26 12:00:00,32.0,31.37,32.01,2025-09-25
2025-09-26 13:00:00,32.0,31.37,32.01,2025-09-25
2025-09-26 14:00:00,32.0,31.37,32.01,2025-09-25
2025-09-26 15:00:00,32.0,31.37,32.01,2025-09-25
2025-09-26 16:00:00,32.0,31.37,32.01,2025-09-25
2025-09-26 17:00:00,32.0,31.37,32.01,2025-09-25
2025-09-26 18:00:00,32.0,31.37,32.01,2025-09-25
2025-09-26 19:00:00,32.0,31.37,32.01,2025-09-25
2025-09-26 20:00:00,32.0,31.37,32.01,2025-09-25
2025-09-26 21:00:00,32.0,31.37,32.01,2025-09-25
2025-09-26 22:00:00,32.0,31.37,32.01,2025-09-25
2025-09-26 23:00:00,32.0,31.37,32.01,2025-09-25
2025-09-27 00:00:00,25.94,25.89,25.66,2025-09-26
2025-09-27 01:00:00,25.86,26.1,25.79,2025-09-26
2025-09-27 02:00:00,25.88,26.1,25.79,2025-09-26
2025-09-27 03:00:00,25.88,26.1,25.79,2025-09-26
2025-09-27 04:00:00,25.88,26.1,25.79,2025-09-26
2025-09-27 05:00:00,25.88,26.1,25.79,2025-09-26
2025-09-27 06:00:00,25.88,26.1,25.79,2025-09-26
2025-09-27 07:00:00,25.88,26.1,25.79,2025-09-26
2025-09-27 08:00:00,25.88,26.1,25.79,2025-09-26
2025-09-27 09:00:00,25.88,26.1,25.79,2025-09-26
2025-09-27 10:00:00,25.88,26.1,25.79,2025-09-26
2025-09-27 11:00:00,25.88,26.1,25.79,2025-09-26
2025-09-27 12:00:00,25.88,26.1,25.79,2025-09-26
2025-09-27 13:00:00,25.88,26.06,25.79,2025-09-26
2025-09-27 14:00:00,25.88,26.06,25.79,2025-09-26
2025-09-27 15:00:00,25.88,26.06,25.79,2025-09-26
2025-09-27 16:00:00,25.88,26.06,25.79,2025-09-26
2025-09-27 17:00:00,25.88,26.06,25.79,2025-09-26
2025-09-27 18:00:00,25.88,26.06,25.79,2025-09-26
2025-09-27 19:00:00,25.88,26.06,25.79,2025-09-26
2025-09-27 20:00:00,25.88,26.06,25.79,2025-09-26
2025-09-27 21:00:00,25.88,26.06,25.79,2025-09-26
2025-09-27 22:00:00,25.88,26.06,25.79,2025-09-26
2025-09-27 23:00:00,25.88,26.06,25.79,2025-09-26
2025-09-28 00:00:00,25.88,26.06,25.79,2025-09-26
2025-09-28 01:00:00,25.88,26.06,25.79,2025-09-26
2025-09-28 02:00:00,25.88,26.06,25.79,2025-09-26
2025-09-28 03:00:00,25.88,26.06,25.79,2025-09-26
2025-09-28 04:00:00,25.88,26.06,25.79,2025-09-26
2025-09-28 05:00:00,25.88,26.06,25.79,2025-09-26
2025-09-28 06:00:00,25.88,26.06,25.79,2025-09-26
2025-09-28 07:00:00,25.88,26.06,25.79,2025-09-26
2025-09-28 08:00:00,25.88,26.06,25.79,2025-09-26
2025-09-28 09:00:00,25.88,26.06,25.79,2025-09-26
2025-09-28 10:00:00,25.88,26.06,25.79,2025-09-26
2025-09-28 11:00:00,25.88,26.06,25.79,2025-09-26
2025-09-28 12:00:00,25.88,26.06,25.79,2025-09-26
2025-09-28 13:00:00,25.88,26.06,25.79,2025-09-26
2025-09-28 14:00:00,25.88,26.06,25.79,2025-09-26
2025-09-28 15:00:00,25.88,26.06,25.79,2025-09-26
2025-09-28 16:00:00,25.88,26.06,25.79,2025-09-26
2025-09-28 17:00:00,25.88,26.06,25.79,2025-09-26
2025-09-28 18:00:00,25.88,26.06,25.79,2025-09-26
2025-09-28 19:00:00,25.88,26.06,25.79,2025-09-26
2025-09-28 20:00:00,25.88,26.06,25.79,2025-09-26
2025-09-28 21:00:00,25.88,26.06,25.79,2025-09-26
2025-09-28 22:00:00,25.88,26.06,25.79,2025-09-26
2025-09-28 23:00:00,25.88,26.06,25.79,2025-09-26
2025-09-29 00:00:00,25.88,26.06,25.79,2025-09-26
2025-09-29 01:00:00,25.88,26.06,25.79,2025-09-26
2025-09-29 02:00:00,25.88,26.06,25.79,2025-09-26
2025-09-29 03:00:00,25.88,26.06,25.79,2025-09-26
2025-09-29 04:00:00,25.88,26.06,25.79,2025-09-26
2025-09-29 05:00:00,25.88,26.06,25.79,2025-09-26
2025-09-29 06:00:00,25.88,26.06,25.79,2025-09-26
2025-09-29 07:00:00,25.88,26.06,25.79,2025-09-26
2025-09-29 08:00:00,25.88,26.06,25.79,2025-09-26
2025-09-29 09:00:00,25.88,26.06,25.79,2025-09-26
2025-09-29 10:00:00,25.88,26.06,25.79,2025-09-26
2025-09-29 11:00:00,25.88,26.06,25.79,2025-09-26
2025-09-29 12:00:00,25.88,26.06,25.79,2025-09-26
2025-09-29 13:00:00,25.88,26.06,25.79,2025-09-26
2025-09-29 14:00:00,25.88,26.06,25.79,2025-09-26
2025-09-29 15:00:00,25.88,26.06,25.79,2025-09-26
2025-09-29 16:00:00,25.88,26.06,25.79,2025-09-26
2025-09-29 17:00:00,25.88,26.06,25.79,2025-09-26
2025-09-29 18:00:00,25.88,26.06,25.79,2025-09-26
2025-09-29 19:00:00,25.88,26.06,25.79,2025-09-26
2025-09-29 20:00:00,25.88,26.06,25.79,2025-09-26
2025-09-29 21:00:00,25.88,26.06,25.79,2025-09-26
2025-09-29 22:00:00,25.88,26.06,25.79,2025-09-26
2025-09-29 23:00:00,25.88,26.06,25.79,2025-09-26
2025-09-30 00:00:00,25.88,26.06,25.79,2025-09-26
2025-10-03 00:00:00,19.03,16.13,19.67,2025-10-02
2025-10-03 01:00:00,19.02,15.83,19.71,2025-10-02
2025-10-03 02:00:00,19.02,15.83,19.71,2025-10-02
2025-10-03 03:00:00,19.02,15.83,19.71,2025-10-02
2025-10-03 04:00:00,19.02,15.83,19.71,2025-10-02
2025-10-03 05:00:00,19.02,15.73,19.71,2025-10-02
2025-10-03 06:00:00,19.02,15.73,19.71,2025-10-02
2025-10-03 07:00:00,19.02,15.73,19.71,2025-10-02
2025-10-03 08:00:00,19.02,15.73,19.71,2025-10-02
2025-10-03 09:00:00,19.02,15.73,19.71,2025-10-02
2025-10-03 10:00:00,19.02,15.73,19.71,2025-10-02
2025-10-03 11:00:00,19.02,15.73,19.71,2025-10-02
2025-10-03 12:00:00,19.02,15.73,19.71,2025-10-02
2025-10-03 13:00:00,19.02,15.73,19.71,2025-10-02
2025-10-03 14:00:00,19.02,15.73,19.71,2025-10-02
2025-10-03 15:00:00,19.02,15.73,19.71,2025-10-02
2025-10-03 16:00:00,19.02,15.73,19.71,2025-10-02
2025-10-03 17:00:00,19.02,15.73,19.71,2025-10-02
2025-10-03 18:00:00,19.02,15.73,19.71,2025-10-02
2025-10-03 19:00:00,19.02,15.73,19.71,2025-10-02
2025-10-03 20:00:00,19.02,15.73,19.71,2025-10-02
2025-10-03 21:00:00,19.02,15.73,19.71,2025-10-02
2025-10-03 22:00:00,19.02,15.73,19.71,2025-10-02
2025-10-03 23:00:00,19.02,15.73,19.71,2025-10-02
2025-10-04 00:00:00,16.58,16.92,19.7,2025-10-03
2025-10-04 01:00:00,16.58,14.71,19.35,2025-10-03
2025-10-04 02:00:00,16.58,14.7,18.96,2025-10-03
2025-10-04 03:00:00,16.58,14.7,18.96,2025-10-03
2025-10-04 04:00:00,16.58,14.7,18.96,2025-10-03
2025-10-04 05:00:00,16.58,14.7,18.96,2025-10-03
2025-10-04 06:00:00,16.58,14.7,18.96,2025-10-03
2025-10-04 07:00:00,16.58,14.7,18.96,2025-10-03
2025-10-04 08:00:00,16.58,14.7,18.96,2025-10-03
2025-10-04 09:00:00,16.58,14.7,18.96,2025-10-03
2025-10-04 10:00:00,16.58,14.7,18.96,2025-10-03
2025-10-04 11:00:00,16.58,14.7,18.96,2025-10-03
2025-10-04 12:00:00,16.58,14.7,18.96,2025-10-03
2025-10-04 13:00:00,16.58,14.7,18.96,2025-10-03
2025-10-04 14:00:00,16.58,14.7,18.96,2025-10-03
2025-10-04 15:00:00,16.58,14.7,18.96,2025-10-03
2025-10-04 16:00:00,16.58,14.7,18.96,2025-10-03
2025-10-04 17:00:00,16.58,14.7,18.96,2025-10-03
2025-10-04 18:00:00,16.58,14.7,18.96,2025-10-03
2025-10-04 19:00:00,16.58,14.7,18.96,2025-10-03
2025-10-04 20:00:00,16.58,14.7,18.96,2025-10-03
2025-10-04 21:00:00,16.58,14.7,18.96,2025-10-03
2025-10-04 22:00:00,16.58,14.7,18.96,2025-10-03
2025-10-04 23:00:00,16.58,14.7,18.96,2025-10-03
2025-10-05 00:00:00,35.61,35.96,35.86,2025-10-04
2025-10-05 01:00:00,35.72,36.15,36.1,2025-10-04
2025-10-05 02:00:00,35.72,36.15,36.1,2025-10-04
2025-10-05 03:00:00,35.72,36.15,36.1,2025-10-04
2025-10-05 04:00:00,35.72,36.15,36.1,2025-10-04
2025-10-05 05:00:00,35.72,36.15,36.1,2025-10-04
2025-10-05 06:00:00,35.72,36.15,36.1,2025-10-04
2025-10-05 07:00:00,35.72,36.15,36.1,2025-10-04
2025-10-05 08:00:00,35.72,36.15,36.1,2025-10-04
2025-10-05 09:00:00,35.72,36.15,36.1,2025-10-04
2025-10-05 10:00:00,35.72,36.15,36.1,2025-10-04
2025-10-05 11:00:00,35.72,36.15,36.1,2025-10-04
2025-10-05 12:00:00,35.72,36.15,36.1,2025-10-04
2025-10-05 13:00:00,35.72,36.15,36.1,2025-10-04
2025-10-05 14:00:00,35.72,36.15,36.1,2025-10-04
2025-10-05 15:00:00,35.72,36.15,36.1,2025-10-04
2025-10-05 16:00:00,35.72,36.15,36.1,2025-10-04
2025-10-05 17:00:00,35.72,36.15,36.1,2025-10-04
2025-10-05 18:00:00,35.72,36.15,36.1,2025-10-04
2025-10-05 19:00:00,35.72,36.15,36.1,2025-10-04
2025-10-05 20:00:00,35.72,36.15,36.1,2025-10-04
2025-10-05 21:00:00,35.72,36.15,36.1,2025-10-04
2025-10-05 22:00:00,35.72,36.15,36.1,2025-10-04
2025-10-05 23:00:00,35.72,36.15,36.1,2025-10-04
2025-10-06 00:00:00,25.62,26.39,25.65,2025-10-05
2025-10-06 01:00:00,25.63,26.39,25.57,2025-10-05
2025-10-06 02:00:00,25.63,26.39,25.57,2025-10-05
2025-10-06 03:00:00,25.63,26.39,25.57,2025-10-05
2025-10-06 04:00:00,25.63,26.39,25.57,2025-10-05
2025-10-06 05:00:00,25.63,26.39,25.57,2025-10-05
2025-10-06 06:00:00,25.63,26.39,25.57,2025-10-05
2025-10-06 07:00:00,25.63,26.39,25.59,2025-10-05
2025-10-06 08:00:00,25.63,26.39,25.59,2025-10-05
2025-10-06 09:00:00,25.63,26.39,25.59,2025-10-05
2025-10-06 10:00:00,25.63,26.39,25.59,2025-10-05
2025-10-06 11:00:00,25.63,26.39,25.59,2025-10-05
2025-10-06 12:00:00,25.63,26.39,25.59,2025-10-05
2025-10-06 13:00:00,25.63,26.39,25.59,2025-10-05
2025-10-06 14:00:00,25.63,26.39,25.59,2025-10-05
2025-10-06 15:00:00,25.63,26.39,25.59,2025-10-05
2025-10-06 16:00:00,25.63,26.39,25.59,2025-10-05
2025-10-06 17:00:00,25.63,26.39,25.59,2025-10-05
2025-10-06 18:00:00,25.63,26.39,25.59,2025-10-05
2025-10-06 19:00:00,25.63,26.39,25.59,2025-10-05
2025-10-06 20:00:00,25.63,26.39,25.59,2025-10-05
2025-10-06 21:00:00,25.63,26.39,25.59,2025-10-05
2025-10-06 22:00:00,25.63,26.39,25.59,2025-10-05
2025-10-06 23:00:00,25.63,26.39,25.59,2025-10-05
2025-10-07 00:00:00,43.96,48.27,49.22,2025-10-06
2025-10-07 01:00:00,43.88,47.06,48.78,2025-10-06
2025-10-07 02:00:00,43.88,47.04,48.77,2025-10-06
2025-10-07 03:00:00,43.88,47.04,48.77,2025-10-06
2025-10-07 04:00:00,43.88,47.04,48.76,2025-10-06
2025-10-07 05:00:00,43.82,47.04,48.77,2025-10-06
2025-10-07 06:00:00,43.64,47.04,48.77,2025-10-06
2025-10-07 07:00:00,43.62,47.04,48.79,2025-10-06
2025-10-07 08:00:00,43.62,47.04,48.79,2025-10-06
2025-10-07 09:00:00,43.6,47.04,48.79,2025-10-06
2025-10-07 10:00:00,43.58,47.04,48.79,2025-10-06
2025-10-07 11:00:00,43.58,47.04,48.79,2025-10-06
2025-10-07 12:00:00,43.58,46.86,48.79,2025-10-06
2025-10-07 13:00:00,43.58,46.86,48.79,2025-10-06
2025-10-07 14:00:00,43.58,46.86,48.45,2025-10-06
2025-10-07 15:00:00,43.58,46.86,48.27,2025-10-06
2025-10-07 16:00:00,43.58,46.86,48.25,2025-10-06
2025-10-07 17:00:00,43.58,46.86,48.25,2025-10-06
2025-10-07 18:00:00,43.58,46.86,48.23,2025-10-06
2025-10-07 19:00:00,43.58,46.86,48.23,2025-10-06
2025-10-07 20:00:00,43.58,46.79,48.23,2025-10-06
2025-10-07 21:00:00,43.58,46.79,48.23,2025-10-06
2025-10-07 22:00:00,43.58,46.79,48.23,2025-10-06
2025-10-07 23:00:00,43.58,46.79,48.23,2025-10-06
2025-10-08 00:00:00,47.79,49.64,51.53,2025-10-07
2025-10-08 01:00:00,47.74,49.36,50.53,2025-10-07
2025-10-08 02:00:00,47.74,49.26,50.53,2025-10-07
2025-10-08 03:00:00,47.72,49.26,50.53,2025-10-07
2025-10-08 04:00:00,47.69,49.26,50.53,2025-10-07
2025-10-08 05:00:00,47.67,49.26,50.53,2025-10-07
2025-10-08 06:00:00,47.66,49.26,50.53,2025-10-07
2025-10-08 07:00:00,47.66,49.26,50.53,2025-10-07
2025-10-08 08:00:00,47.66,49.26,50.53,2025-10-07
2025-10-08 09:00:00,47.66,49.26,50.53,2025-10-07
2025-10-08 10:00:00,47.66,49.26,50.53,2025-10-07
2025-10-08 11:00:00,47.68,49.26,50.53,2025-10-07
2025-10-08 12:00:00,47.68,49.26,50.53,2025-10-07
2025-10-08 13:00:00,47.68,49.26,50.53,2025-10-07
2025-10-08 14:00:00,47.68,49.26,50.53,2025-10-07
2025-10-08 15:00:00,47.68,49.26,50.53,2025-10-07
2025-10-08 16:00:00,47.68,49.26,50.53,2025-10-07
2025-10-08 17:00:00,47.68,49.26,50.53,2025-10-07
2025-10-08 18:00:00,47.68,49.26,50.53,2025-10-07
2025-10-08 19:00:00,47.68,49.26,50.53,2025-10-07
2025-10-08 20:00:00,47.68,49.26,50.53,2025-10-07
2025-10-08 21:00:00,47.68,49.26,50.53,2025-10-07
2025-10-08 22:00:00,47.68,49.26,50.53,2025-10-07
2025-10-08 23:00:00,47.68,49.26,50.53,2025-10-07
2025-10-09 00:00:00,45.46,47.92,48.33,2025-10-08
2025-10-09 01:00:00,45.4,47.17,46.91,2025-10-08
2025-10-09 02:00:00,45.38,47.0,46.91,2025-10-08
2025-10-09 03:00:00,45.34,47.0,46.91,2025-10-08
2025-10-09 04:00:00,45.34,47.0,46.57,2025-10-08
2025-10-09 05:00:00,45.34,47.0,46.33,2025-10-08
2025-10-09 06:00:00,45.34,46.85,46.34,2025-10-08
2025-10-09 07:00:00,45.34,46.85,46.34,2025-10-08
2025-10-09 08:00:00,45.34,46.85,46.34,2025-10-08
2025-10-09 09:00:00,45.34,46.85,46.34,2025-10-08
2025-10-09 10:00:00,45.35,46.85,46.34,2025-10-08
2025-10-09 11:00:00,45.36,46.85,46.34,2025-10-08
2025-10-09 12:00:00,45.36,46.85,46.34,2025-10-08
2025-10-09 13:00:00,45.36,46.79,46.34,2025-10-08
2025-10-09 14:00:00,45.36,46.73,46.34,2025-10-08
2025-10-09 15:00:00,45.38,46.73,46.34,2025-10-08
2025-10-09 16:00:00,45.38,46.73,46.34,2025-10-08
2025-10-09 17:00:00,45.38,46.73,46.34,2025-10-08
2025-10-09 18:00:00,45.38,46.73,46.34,2025-10-08
2025-10-09 19:00:00,45.38,46.73,46.34,2025-10-08
2025-10-09 20:00:00,45.38,46.73,46.34,2025-10-08
2025-10-09 21:00:00,45.38,46.73,46.34,2025-10-08
2025-10-09 22:00:00,45.38,46.73,46.34,2025-10-08
2025-10-09 23:00:00,45.38,46.73,46.34,2025-10-08
2025-10-10 00:00:00,54.02,54.2,54.26,2025-10-09
2025-10-10 01:00:00,54.0,54.25,54.18,2025-10-09
2025-10-10 02:00:00,54.0,54.25,54.17,2025-10-09
2025-10-10 03:00:00,54.0,54.25,54.17,2025-10-09
2025-10-10 04:00:00,54.0,54.25,54.17,2025-10-09
2025-10-10 05:00:00,54.0,54.25,54.17,2025-10-09
2025-10-10 06:00:00,54.0,54.25,54.17,2025-10-09
2025-10-10 07:00:00,54.0,54.25,54.17,2025-10-09
2025-10-10 08:00:00,54.0,54.25,54.17,2025-10-09
2025-10-10 09:00:00,54.0,54.25,54.17,2025-10-09
2025-10-10 10:00:00,54.0,54.25,54.17,2025-10-09
2025-10-10 11:00:00,54.0,54.25,54.17,2025-10-09
2025-10-10 12:00:00,54.0,54.25,54.17,2025-10-09
2025-10-10 13:00:00,54.0,54.25,54.17,2025-10-09
2025-10-10 14:00:00,54.0,54.25,54.17,2025-10-09
2025-10-10 15:00:00,54.0,54.25,54.17,2025-10-09
2025-10-10 16:00:00,54.0,54.25,54.17,2025-10-09
2025-10-10 17:00:00,54.0,54.25,54.17,2025-10-09
2025-10-10 18:00:00,54.0,54.25,54.17,2025-10-09
2025-10-10 19:00:00,54.0,54.25,54.17,2025-10-09
2025-10-10 20:00:00,54.0,54.25,54.17,2025-10-09
2025-10-10 21:00:00,54.0,54.25,54.17,2025-10-09
2025-10-10 22:00:00,54.0,54.25,54.17,2025-10-09
2025-10-10 23:00:00,54.0,54.25,54.17,2025-10-09
2025-10-11 00:00:00,39.06,39.12,38.76,2025-10-10
2025-10-11 01:00:00,39.11,39.36,38.65,2025-10-10
2025-10-11 02:00:00,39.11,39.36,38.65,2025-10-10
2025-10-11 03:00:00,39.11,39.36,38.65,2025-10-10
2025-10-11 04:00:00,39.11,39.36,38.65,2025-10-10
2025-10-11 05:00:00,39.11,39.36,38.65,2025-10-10
2025-10-11 06:00:00,39.11,39.36,38.65,2025-10-10
2025-10-11 07:00:00,39.11,39.36,38.65,2025-10-10
2025-10-11 08:00:00,39.11,39.36,38.65,2025-10-10
2025-10-11 09:00:00,39.11,39.36,38.71,2025-10-10
2025-10-11 10:00:00,39.11,39.36,38.71,2025-10-10
2025-10-11 11:00:00,39.11,39.36,38.71,2025-10-10
2025-10-11 12:00:00,39.11,39.36,38.71,2025-10-10
2025-10-11 13:00:00,39.11,39.36,38.71,2025-10-10
2025-10-11 14:00:00,39.11,39.36,38.71,2025-10-10
2025-10-11 15:00:00,39.11,39.36,38.71,2025-10-10
2025-10-11 16:00:00,39.11,39.36,38.71,2025-10-10
2025-10-11 17:00:00,39.11,39.36,38.71,2025-10-10
2025-10-11 18:00:00,39.11,39.36,38.71,2025-10-10
2025-10-11 19:00:00,39.11,39.36,38.71,2025-10-10
2025-10-11 20:00:00,39.11,39.36,38.71,2025-10-10
2025-10-11 21:00:00,39.11,39.36,38.71,2025-10-10
2025-10-11 22:00:00,39.11,39.36,38.71,2025-10-10
2025-10-11 23:00:00,39.11,39.36,38.71,2025-10-10
2025-10-12 00:00:00,31.02,31.73,31.47,2025-10-11
2025-10-12 01:00:00,31.0,31.73,31.46,2025-10-11
2025-10-12 02:00:00,31.0,31.73,31.46,2025-10-11
2025-10-12 03:00:00,31.0,31.73,31.46,2025-10-11
2025-10-12 04:00:00,31.0,31.73,31.46,2025-10-11
2025-10-12 05:00:00,31.0,31.73,31.46,2025-10-11
2025-10-12 06:00:00,31.0,31.73,31.46,2025-10-11
2025-10-12 07:00:00,31.0,31.73,31.46,2025-10-11
2025-10-12 08:00:00,31.0,31.73,31.46,2025-10-11
2025-10-12 09:00:00,31.0,31.73,31.46,2025-10-11
2025-10-12 10:00:00,31.0,31.73,31.46,2025-10-11
2025-10-12 11:00:00,31.0,31.73,31.46,2025-10-11
2025-10-12 12:00:00,31.0,31.73,31.46,2025-10-11
2025-10-12 13:00:00,31.0,31.73,31.46,2025-10-11
2025-10-12 14:00:00,31.0,31.73,31.46,2025-10-11
2025-10-12 15:00:00,31.0,31.73,31.46,2025-10-11
2025-10-12 16:00:00,31.0,31.73,31.46,2025-10-11
2025-10-12 17:00:00,31.0,31.73,31.46,2025-10-11
2025-10-12 18:00:00,31.0,31.73,31.46,2025-10-11
2025-10-12 19:00:00,31.0,31.73,31.46,2025-10-11
2025-10-12 20:00:00,31.0,31.73,31.46,2025-10-11
2025-10-12 21:00:00,31.0,31.73,31.46,2025-10-11
2025-10-12 22:00:00,31.0,31.73,31.46,2025-10-11
2025-10-12 23:00:00,31.0,31.73,31.46,2025-10-11
2025-10-13 00:00:00,59.12,58.79,58.97,2025-10-12
2025-10-13 01:00:00,59.06,58.79,58.96,2025-10-12
2025-10-13 02:00:00,59.06,58.79,58.96,2025-10-12
2025-10-13 03:00:00,59.06,58.79,58.96,2025-10-12
2025-10-13 04:00:00,59.06,58.79,58.96,2025-10-12
2025-10-13 05:00:00,59.06,58.79,58.96,2025-10-12
2025-10-13 06:00:00,59.06,58.79,58.96,2025-10-12
2025-10-13 07:00:00,59.06,58.79,58.96,2025-10-12
2025-10-13 08:00:00,59.06,58.79,58.96,2025-10-12
2025-10-13 09:00:00,59.06,58.79,58.96,2025-10-12
2025-10-13 10:00:00,59.06,58.79,58.96,2025-10-12
2025-10-13 11:00:00,59.06,58.79,58.96,2025-10-12
2025-10-13 12:00:00,59.06,58.79,58.96,2025-10-12
2025-10-13 13:00:00,59.06,58.79,58.96,2025-10-12
2025-10-13 14:00:00,59.06,58.79,58.96,2025-10-12
2025-10-13 15:00:00,59.06,58.79,58.96,2025-10-12
2025-10-13 16:00:00,59.06,58.79,58.96,2025-10-12
2025-10-13 17:00:00,59.06,58.79,58.96,2025-10-12
2025-10-13 18:00:00,59.06,58.79,58.96,2025-10-12
2025-10-13 19:00:00,59.06,58.79,58.96,2025-10-12
2025-10-13 20:00:00,59.06,58.79,58.96,2025-10-12
2025-10-13 21:00:00,59.06,58.79,58.96,2025-10-12
2025-10-13 22:00:00,59.06,58.79,58.96,2025-10-12
2025-10-13 23:00:00,59.06,58.79,58.96,2025-10-12
2025-10-14 00:00:00,87.94,85.24,86.14,2025-10-13
2025-10-14 01:00:00,87.94,83.82,85.57,2025-10-13
2025-10-14 02:00:00,87.94,83.05,85.57,2025-10-13
2025-10-14 03:00:00,87.94,82.13,85.57,2025-10-13
2025-10-14 04:00:00,87.94,82.13,85.57,2025-10-13
2025-10-14 05:00:00,87.94,82.13,85.57,2025-10-13
2025-10-14 06:00:00,87.94,82.13,85.57,2025-10-13
2025-10-14 07:00:00,87.94,82.13,85.57,2025-10-13
2025-10-14 08:00:00,87.94,82.13,85.57,2025-10-13
2025-10-14 09:00:00,87.94,82.13,85.57,2025-10-13
2025-10-14 10:00:00,87.94,82.13,85.57,2025-10-13
2025-10-14 11:00:00,87.94,82.13,85.57,2025-10-13
2025-10-14 12:00:00,87.94,82.13,85.57,2025-10-13
2025-10-14 13:00:00,87.94,82.13,85.57,2025-10-13
2025-10-14 14:00:00,87.94,82.13,85.57,2025-10-13
2025-10-14 15:00:00,87.94,82.13,85.57,2025-10-13
2025-10-14 16:00:00,87.94,82.13,85.57,2025-10-13
2025-10-14 17:00:00,87.94,82.13,85.57,2025-10-13
2025-10-14 18:00:00,87.94,82.13,85.57,2025-10-13
2025-10-14 19:00:00,87.94,82.13,85.57,2025-10-13
2025-10-14 20:00:00,87.94,82.13,85.57,2025-10-13
2025-10-14 21:00:00,87.94,82.13,85.57,2025-10-13
2025-10-14 22:00:00,87.94,82.13,85.57,2025-10-13
2025-10-14 23:00:00,87.94,82.13,85.57,2025-10-13
2025-10-15 00:00:00,72.93,71.59,72.74,2025-10-14
2025-10-15 01:00:00,72.96,71.14,72.56,2025-10-14
2025-10-15 02:00:00,72.96,71.14,72.56,2025-10-14
2025-10-15 03:00:00,72.96,71.14,72.56,2025-10-14
2025-10-15 04:00:00,72.96,71.14,72.56,2025-10-14
2025-10-15 05:00:00,72.96,71.14,72.56,2025-10-14
2025-10-15 06:00:00,72.96,71.14,72.56,2025-10-14
2025-10-15 07:00:00,72.96,71.14,72.56,2025-10-14
2025-10-15 08:00:00,72.96,71.14,72.56,2025-10-14
2025-10-15 09:00:00,72.96,71.14,72.56,2025-10-14
2025-10-15 10:00:00,72.96,71.14,72.56,2025-10-14
2025-10-15 11:00:00,72.96,71.14,72.56,2025-10-14
2025-10-15 12:00:00,72.96,71.14,72.56,2025-10-14
2025-10-15 13:00:00,72.96,71.14,72.56,2025-10-14
2025-10-15 14:00:00,72.96,71.14,72.56,2025-10-14
2025-10-15 15:00:00,72.96,71.14,72.56,2025-10-14
2025-10-15 16:00:00,72.96,71.14,72.56,2025-10-14
2025-10-15 17:00:00,72.96,71.14,72.56,2025-10-14
2025-10-15 18:00:00,72.96,71.14,72.56,2025-10-14
2025-10-15 19:00:00,72.96,71.14,72.56,2025-10-14
2025-10-15 20:00:00,72.96,71.14,72.56,2025-10-14
2025-10-15 21:00:00,72.96,71.14,72.56,2025-10-14
2025-10-15 22:00:00,72.96,71.14,72.56,2025-10-14
2025-10-15 23:00:00,72.96,71.14,72.56,2025-10-14
2025-10-16 00:00:00,94.87,90.79,92.67,2025-10-15
2025-10-16 01:00:00,94.88,89.6,92.43,2025-10-15
2025-10-16 02:00:00,94.88,88.93,92.39,2025-10-15
2025-10-16 03:00:00,94.88,87.59,92.39,2025-10-15
2025-10-16 04:00:00,94.88,87.59,92.39,2025-10-15
2025-10-16 05:00:00,94.88,87.59,92.39,2025-10-15
2025-10-16 06:00:00,94.88,87.59,92.39,2025-10-15
2025-10-16 07:00:00,94.88,87.59,92.39,2025-10-15
2025-10-16 08:00:00,94.88,87.59,92.39,2025-10-15
2025-10-16 09:00:00,94.88,87.59,92.39,2025-10-15
2025-10-16 10:00:00,94.88,87.59,92.39,2025-10-15
2025-10-16 11:00:00,94.88,87.59,92.39,2025-10-15
2025-10-16 12:00:00,94.88,87.59,92.39,2025-10-15
2025-10-16 13:00:00,94.88,87.59,92.39,2025-10-15
2025-10-16 14:00:00,94.88,87.59,92.39,2025-10-15
2025-10-16 15:00:00,94.88,87.59,92.39,2025-10-15
2025-10-16 16:00:00,94.88,87.59,92.39,2025-10-15
2025-10-16 17:00:00,94.88,87.59,92.39,2025-10-15
2025-10-16 18:00:00,94.88,87.59,92.39,2025-10-15
2025-10-16 19:00:00,94.88,87.59,92.39,2025-10-15
2025-10-16 20:00:00,94.88,87.59,92.39,2025-10-15
2025-10-16 21:00:00,94.88,87.59,92.39,2025-10-15
2025-10-16 22:00:00,94.88,87.59,92.39,2025-10-15
2025-10-16 23:00:00,94.88,87.59,92.39,2025-10-15
2025-10-17 00:00:00,95.33,91.5,94.97,2025-10-16
2025-10-17 01:00:00,95.27,90.19,94.48,2025-10-16
2025-10-17 02:00:00,95.27,89.51,94.45,2025-10-16
2025-10-17 03:00:00,95.27,89.51,94.45,2025-10-16
2025-10-17 04:00:00,95.27,89.51,94.45,2025-10-16
2025-10-17 05:00:00,95.27,89.51,94.45,2025-10-16
2025-10-17 06:00:00,95.27,89.51,94.45,2025-10-16
2025-10-17 07:00:00,95.27,89.51,94.45,2025-10-16
2025-10-17 08:00:00,95.27,89.51,94.45,2025-10-16
2025-10-17 09:00:00,95.27,89.51,94.45,2025-10-16
2025-10-17 10:00:00,95.27,89.51,94.45,2025-10-16
2025-10-17 11:00:00,95.27,89.51,94.45,2025-10-16
2025-10-17 12:00:00,95.27,89.51,94.45,2025-10-16
2025-10-17 13:00:00,95.27,89.51,94.45,2025-10-16
2025-10-17 14:00:00,95.27,89.51,94.45,2025-10-16
2025-10-17 15:00:00,95.27,89.51,94.45,2025-10-16
2025-10-17 16:00:00,95.27,89.51,94.45,2025-10-16
2025-10-17 17:00:00,95.27,89.51,94.45,2025-10-16
2025-10-17 18:00:00,95.27,89.51,94.45,2025-10-16
2025-10-17 19:00:00,95.27,89.51,94.45,2025-10-16
2025-10-17 20:00:00,95.27,89.51,94.45,2025-10-16
2025-10-17 21:00:00,95.27,89.51,94.45,2025-10-16
2025-10-17 22:00:00,95.27,89.51,94.45,2025-10-16
2025-10-17 23:00:00,95.27,89.51,94.45,2025-10-16
2025-10-18 00:00:00,125.8,118.92,121.16,2025-10-17
2025-10-18 01:00:00,125.26,117.85,120.06,2025-10-17
2025-10-18 02:00:00,125.22,117.59,120.42,2025-10-17
2025-10-18 03:00:00,125.22,117.19,121.18,2025-10-17
2025-10-18 04:00:00,125.22,117.19,122.39,2025-10-17
2025-10-18 05:00:00,125.23,117.19,122.92,2025-10-17
2025-10-18 06:00:00,125.23,117.19,122.98,2025-10-17
2025-10-18 07:00:00,125.23,117.19,122.98,2025-10-17
2025-10-18 08:00:00,125.23,117.19,122.98,2025-10-17
2025-10-18 09:00:00,125.23,117.19,122.98,2025-10-17
2025-10-18 10:00:00,125.22,117.19,122.98,2025-10-17
2025-10-18 11:00:00,125.22,117.19,122.98,2025-10-17
2025-10-18 12:00:00,125.22,117.19,123.02,2025-10-17
2025-10-18 13:00:00,125.22,117.19,123.02,2025-10-17
2025-10-18 14:00:00,125.22,117.19,123.02,2025-10-17
2025-10-18 15:00:00,125.22,117.19,123.02,2025-10-17
2025-10-18 16:00:00,125.22,117.19,123.02,2025-10-17
2025-10-18 17:00:00,125.22,117.19,123.02,2025-10-17
2025-10-18 18:00:00,125.22,117.19,123.02,2025-10-17
2025-10-18 19:00:00,125.22,117.19,123.02,2025-10-17
2025-10-18 20:00:00,125.22,117.19,123.02,2025-10-17
2025-10-18 21:00:00,125.22,117.19,123.02,2025-10-17
2025-10-18 22:00:00,125.22,117.19,123.02,2025-10-17
2025-10-18 23:00:00,125.22,117.19,123.02,2025-10-17
2025-10-19 00:00:00,99.84,97.41,101.26,2025-10-18
2025-10-19 01:00:00,97.4,94.37,96.84,2025-10-18
2025-10-19 02:00:00,95.92,93.83,95.41,2025-10-18
2025-10-19 03:00:00,95.92,93.83,95.26,2025-10-18
2025-10-19 04:00:00,95.92,93.83,95.26,2025-10-18
2025-10-19 05:00:00,95.9,93.83,95.23,2025-10-18
2025-10-19 06:00:00,95.9,93.83,95.17,2025-10-18
2025-10-19 07:00:00,95.9,93.83,95.17,2025-10-18
2025-10-19 08:00:00,95.9,93.83,95.17,2025-10-18
2025-10-19 09:00:00,95.9,93.83,95.17,2025-10-18
2025-10-19 10:00:00,95.9,93.83,95.17,2025-10-18
2025-10-19 11:00:00,95.9,93.83,95.17,2025-10-18
2025-10-19 12:00:00,95.9,93.83,95.17,2025-10-18
2025-10-19 13:00:00,95.9,93.83,95.17,2025-10-18
2025-10-19 14:00:00,95.9,93.83,95.17,2025-10-18
2025-10-19 15:00:00,95.9,93.83,95.17,2025-10-18
2025-10-19 16:00:00,95.9,93.83,95.17,2025-10-18
2025-10-19 17:00:00,95.9,93.83,95.17,2025-10-18
2025-10-19 18:00:00,95.9,93.83,95.17,2025-10-18
2025-10-19 19:00:00,95.9,93.83,95.17,2025-10-18
2025-10-19 20:00:00,95.9,93.83,95.17,2025-10-18
2025-10-19 21:00:00,95.9,93.83,95.17,2025-10-18
2025-10-19 22:00:00,95.9,93.83,95.17,2025-10-18
2025-10-19 23:00:00,95.9,93.83,95.17,2025-10-18
2025-10-20 00:00:00,90.12,87.03,90.31,2025-10-19
2025-10-20 01:00:00,90.05,86.82,89.9,2025-10-19
2025-10-20 02:00:00,90.05,86.82,89.9,2025-10-19
2025-10-20 03:00:00,90.04,86.82,89.9,2025-10-19
2025-10-20 04:00:00,90.04,86.82,89.9,2025-10-19
2025-10-20 05:00:00,90.04,86.82,89.9,2025-10-19
2025-10-20 06:00:00,90.04,86.82,89.9,2025-10-19
2025-10-20 07:00:00,90.04,86.82,89.9,2025-10-19
2025-10-20 08:00:00,90.04,86.82,89.9,2025-10-19
2025-10-20 09:00:00,90.04,86.82,89.9,2025-10-19
2025-10-20 10:00:00,90.04,86.82,89.9,2025-10-19
2025-10-20 11:00:00,90.04,86.82,89.9,2025-10-19
2025-10-20 12:00:00,90.04,86.82,89.9,2025-10-19
2025-10-20 13:00:00,90.04,86.82,89.9,2025-10-19
2025-10-20 14:00:00,90.04,86.82,89.9,2025-10-19
2025-10-20 15:00:00,90.04,86.82,89.9,2025-10-19
2025-10-20 16:00:00,90.04,86.82,89.9,2025-10-19
2025-10-20 17:00:00,90.04,86.82,89.9,2025-10-19
2025-10-20 18:00:00,90.04,86.82,89.9,2025-10-19
2025-10-20 19:00:00,90.04,86.82,89.9,2025-10-19
2025-10-20 20:00:00,90.04,86.82,89.9,2025-10-19
2025-10-20 21:00:00,90.04,86.82,89.9,2025-10-19
2025-10-20 22:00:00,90.04,86.82,89.9,2025-10-19
2025-10-20 23:00:00,90.04,86.82,89.9,2025-10-19
2025-10-21 00:00:00,86.97,84.27,86.57,2025-10-20
2025-10-21 01:00:00,87.12,82.74,86.8,2025-10-20
2025-10-21 02:00:00,87.13,81.65,86.8,2025-10-20
2025-10-21 03:00:00,87.13,81.65,86.8,2025-10-20
2025-10-21 04:00:00,87.13,81.65,86.81,2025-10-20
2025-10-21 05:00:00,87.14,81.65,86.81,2025-10-20
2025-10-21 06:00:00,87.14,81.65,86.81,2025-10-20
2025-10-21 07:00:00,87.14,81.65,86.81,2025-10-20
2025-10-21 08:00:00,87.14,81.65,86.81,2025-10-20
2025-10-21 09:00:00,87.14,81.65,86.81,2025-10-20
2025-10-21 10:00:00,87.14,81.65,86.81,2025-10-20
2025-10-21 11:00:00,87.14,81.65,86.81,2025-10-20
2025-10-21 12:00:00,87.14,81.65,86.81,2025-10-20
2025-10-21 13:00:00,87.14,81.65,86.81,2025-10-20
2025-10-21 14:00:00,87.14,81.65,86.81,2025-10-20
2025-10-21 15:00:00,87.14,81.65,86.81,2025-10-20
2025-10-21 16:00:00,87.14,81.65,86.81,2025-10-20
2025-10-21 17:00:00,87.14,81.65,86.81,2025-10-20
2025-10-21 18:00:00,87.14,81.65,86.81,2025-10-20
2025-10-21 19:00:00,87.14,81.65,86.81,2025-10-20
2025-10-21 20:00:00,87.14,81.65,86.81,2025-10-20
2025-10-21 21:00:00,87.14,81.65,86.81,2025-10-20
2025-10-21 22:00:00,87.14,81.65,86.81,2025-10-20
2025-10-21 23:00:00,87.14,81.65,86.81,2025-10-20
2025-10-22 00:00:00,115.36,113.58,112.06,2025-10-21
2025-10-22 01:00:00,115.18,112.25,110.75,2025-10-21
2025-10-22 02:00:00,115.18,112.03,110.75,2025-10-21
2025-10-22 03:00:00,115.09,112.03,110.75,2025-10-21
2025-10-22 04:00:00,115.09,112.03,110.75,2025-10-21
2025-10-22 05:00:00,115.09,112.03,110.75,2025-10-21
2025-10-22 06:00:00,115.09,112.03,110.75,2025-10-21
2025-10-22 07:00:00,115.09,112.03,110.75,2025-10-21
2025-10-22 08:00:00,115.09,112.03,110.75,2025-10-21
2025-10-22 09:00:00,115.09,112.06,110.75,2025-10-21
2025-10-22 10:00:00,115.09,112.06,110.75,2025-10-21
2025-10-22 11:00:00,115.09,112.06,110.75,2025-10-21
2025-10-22 12:00:00,115.09,112.06,110.75,2025-10-21
2025-10-22 13:00:00,115.09,112.06,110.75,2025-10-21
2025-10-22 14:00:00,115.09,112.06,110.75,2025-10-21
2025-10-22 15:00:00,115.09,112.06,110.75,2025-10-21
2025-10-22 16:00:00,115.09,112.06,110.75,2025-10-21
2025-10-22 17:00:00,115.09,112.06,110.75,2025-10-21
2025-10-22 18:00:00,115.09,112.06,110.75,2025-10-21
2025-10-22 19:00:00,115.09,112.06,110.75,2025-10-21
2025-10-22 20:00:00,115.09,112.06,110.75,2025-10-21
2025-10-22 21:00:00,115.09,112.06,110.75,2025-10-21
2025-10-22 22:00:00,115.09,112.06,110.75,2025-10-21
2025-10-22 23:00:00,115.09,112.06,110.75,2025-10-21
2025-10-23 00:00:00,124.34,118.61,126.21,2025-10-22
2025-10-23 01:00:00,122.18,116.11,120.13,2025-10-22
2025-10-23 02:00:00,121.84,115.62,118.05,2025-10-22
2025-10-23 03:00:00,121.84,115.62,117.84,2025-10-22
2025-10-23 04:00:00,121.84,115.62,117.84,2025-10-22
2025-10-23 05:00:00,121.84,115.62,117.84,2025-10-22
2025-10-23 06:00:00,121.84,115.62,117.64,2025-10-22
2025-10-23 07:00:00,121.84,115.04,117.64,2025-10-22
2025-10-23 08:00:00,121.84,115.29,120.2,2025-10-22
2025-10-23 09:00:00,121.84,115.29,120.41,2025-10-22
2025-10-23 10:00:00,121.84,115.29,120.41,2025-10-22
2025-10-23 11:00:00,121.84,115.29,120.41,2025-10-22
2025-10-23 12:00:00,121.84,115.29,120.41,2025-10-22
2025-10-23 13:00:00,121.84,115.29,120.41,2025-10-22
2025-10-23 14:00:00,121.84,115.29,120.41,2025-10-22
2025-10-23 15:00:00,121.84,115.29,120.41,2025-10-22
2025-10-23 16:00:00,121.84,115.29,120.41,2025-10-22
2025-10-23 17:00:00,121.84,115.29,120.41,2025-10-22
2025-10-23 18:00:00,121.84,115.29,120.41,2025-10-22
2025-10-23 19:00:00,121.82,115.29,120.41,2025-10-22
2025-10-23 20:00:00,121.82,115.29,120.41,2025-10-22
2025-10-23 21:00:00,121.82,115.29,120.41,2025-10-22
2025-10-23 22:00:00,121.82,115.29,120.41,2025-10-22
2025-10-23 23:00:00,121.8,115.29,120.41,2025-10-22
2025-10-24 00:00:00,127.32,124.11,141.07,2025-10-23
2025-10-24 01:00:00,125.67,120.46,141.3,2025-10-23
2025-10-24 02:00:00,125.48,117.97,141.3,2025-10-23
2025-10-24 03:00:00,125.5,117.97,141.3,2025-10-23
2025-10-24 04:00:00,125.48,117.97,141.3,2025-10-23
2025-10-24 05:00:00,125.5,118.05,141.3,2025-10-23
2025-10-24 06:00:00,125.48,118.05,141.3,2025-10-23
2025-10-24 07:00:00,125.5,118.05,141.3,2025-10-23
2025-10-24 08:00:00,125.48,117.82,141.3,2025-10-23
2025-10-24 09:00:00,125.5,118.09,141.3,2025-10-23
2025-10-24 10:00:00,125.48,118.09,141.3,2025-10-23
2025-10-24 11:00:00,125.5,118.09,141.3,2025-10-23
2025-10-24 12:00:00,125.48,118.09,141.3,2025-10-23
2025-10-24 13:00:00,125.5,118.09,141.3,2025-10-23
2025-10-24 14:00:00,125.48,118.09,141.3,2025-10-23
2025-10-24 15:00:00,125.5,118.09,141.3,2025-10-23
2025-10-24 16:00:00,125.48,118.09,141.3,2025-10-23
2025-10-24 17:00:00,125.5,118.21,141.3,2025-10-23
2025-10-24 18:00:00,125.48,118.21,141.3,2025-10-23
2025-10-24 19:00:00,125.5,118.21,141.3,2025-10-23
2025-10-24 20:00:00,125.48,118.21,141.3,2025-10-23
2025-10-24 21:00:00,125.5,118.21,141.3,2025-10-23
2025-10-24 22:00:00,125.47,118.21,141.3,2025-10-23
2025-10-24 23:00:00,125.5,118.21,141.3,2025-10-23
2025-10-25 00:00:00,122.06,113.02,129.98,2025-10-24
2025-10-25 01:00:00,120.04,109.54,124.85,2025-10-24
2025-10-25 02:00:00,119.65,109.28,121.16,2025-10-24
2025-10-25 03:00:00,119.64,106.12,119.38,2025-10-24
2025-10-25 04:00:00,119.64,105.04,119.01,2025-10-24
2025-10-25 05:00:00,119.64,105.09,119.01,2025-10-24
2025-10-25 06:00:00,119.64,105.09,118.87,2025-10-24
2025-10-25 07:00:00,119.64,105.09,119.43,2025-10-24
2025-10-25 08:00:00,119.64,105.09,120.97,2025-10-24
2025-10-25 09:00:00,119.64,105.09,120.61,2025-10-24
2025-10-25 10:00:00,119.63,105.09,120.74,2025-10-24
2025-10-25 11:00:00,119.63,105.09,120.74,2025-10-24
2025-10-25 12:00:00,119.64,105.09,120.74,2025-10-24
2025-10-25 13:00:00,119.64,105.09,120.74,2025-10-24
2025-10-25 14:00:00,119.64,105.09,120.74,2025-10-24
2025-10-25 15:00:00,119.62,105.09,120.74,2025-10-24
2025-10-25 16:00:00,119.62,105.09,120.74,2025-10-24
2025-10-25 17:00:00,119.62,105.09,120.74,2025-10-24
2025-10-25 18:00:00,119.62,105.09,120.74,2025-10-24
2025-10-25 19:00:00,119.62,105.09,120.74,2025-10-24
2025-10-25 20:00:00,119.64,105.09,120.74,2025-10-24
2025-10-25 21:00:00,119.64,105.09,120.74,2025-10-24
2025-10-25 22:00:00,119.64,105.09,120.74,2025-10-24
2025-10-25 23:00:00,119.64,105.09,120.74,2025-10-24
2025-10-26 00:00:00,122.17,112.79,127.96,2025-10-25
2025-10-26 01:00:00,119.42,110.67,119.14,2025-10-25
2025-10-26 02:00:00,118.88,110.04,118.16,2025-10-25
2025-10-26 03:00:00,118.86,110.04,118.16,2025-10-25
2025-10-26 04:00:00,118.86,110.1,118.16,2025-10-25
2025-10-26 05:00:00,118.86,109.95,118.16,2025-10-25
2025-10-26 06:00:00,118.86,109.22,118.16,2025-10-25
2025-10-26 07:00:00,118.86,106.66,118.64,2025-10-25
2025-10-26 08:00:00,118.86,106.66,120.66,2025-10-25
2025-10-26 09:00:00,118.86,106.75,120.53,2025-10-25
2025-10-26 10:00:00,118.86,106.75,120.68,2025-10-25
2025-10-26 11:00:00,118.85,106.75,120.68,2025-10-25
2025-10-26 12:00:00,118.85,106.75,120.68,2025-10-25
2025-10-26 13:00:00,118.85,106.75,120.68,2025-10-25
2025-10-26 14:00:00,118.85,106.75,120.68,2025-10-25
2025-10-26 15:00:00,118.85,106.91,120.68,2025-10-25
2025-10-26 16:00:00,118.85,106.91,120.68,2025-10-25
2025-10-26 17:00:00,118.85,106.91,120.68,2025-10-25
2025-10-26 18:00:00,118.86,106.91,120.68,2025-10-25
2025-10-26 19:00:00,118.86,106.91,120.68,2025-10-25
2025-10-26 20:00:00,118.86,106.91,120.68,2025-10-25
2025-10-26 21:00:00,118.86,106.91,120.68,2025-10-25
2025-10-26 22:00:00,118.86,106.91,120.68,2025-10-25
2025-10-26 23:00:00,118.86,106.91,120.68,2025-10-25
2025-10-27 00:00:00,118.86,106.91,120.68,2025-10-25
2025-10-27 01:00:00,118.86,106.91,120.68,2025-10-25
2025-10-27 02:00:00,118.82,106.91,120.68,2025-10-25
2025-10-27 03:00:00,118.82,106.91,120.68,2025-10-25
2025-10-27 04:00:00,118.82,106.91,120.68,2025-10-25
2025-10-27 05:00:00,118.82,106.91,120.68,2025-10-25
2025-10-27 06:00:00,118.82,106.91,120.68,2025-10-25
2025-10-27 07:00:00,118.82,106.91,120.68,2025-10-25
2025-10-27 08:00:00,118.82,106.91,120.68,2025-10-25
2025-10-27 09:00:00,118.82,106.91,120.68,2025-10-25
2025-10-27 10:00:00,118.82,106.91,120.68,2025-10-25
2025-10-27 11:00:00,118.82,106.91,120.68,2025-10-25
2025-10-27 12:00:00,118.82,106.91,120.68,2025-10-25
2025-10-27 13:00:00,118.82,106.91,120.68,2025-10-25
2025-10-27 14:00:00,118.82,106.91,120.68,2025-10-25
2025-10-27 15:00:00,118.82,106.91,120.68,2025-10-25
2025-10-27 16:00:00,118.82,106.91,120.68,2025-10-25
2025-10-27 17:00:00,118.82,106.91,120.68,2025-10-25
2025-10-27 18:00:00,118.82,106.91,120.68,2025-10-25
2025-10-27 19:00:00,118.82,106.91,120.68,2025-10-25
2025-10-27 20:00:00,118.82,106.91,120.68,2025-10-25
2025-10-27 21:00:00,118.82,106.91,120.68,2025-10-25
2025-10-27 22:00:00,118.82,106.91,120.68,2025-10-25
2025-10-27 23:00:00,118.82,106.91,120.68,2025-10-25
2025-10-28 00:00:00,118.82,106.91,120.68,2025-10-25
2025-10-28 01:00:00,118.82,106.91,120.68,2025-10-25
2025-10-28 02:00:00,118.82,106.91,120.68,2025-10-25
2025-10-28 03:00:00,118.82,106.91,120.68,2025-10-25
2025-10-28 04:00:00,118.82,106.91,120.68,2025-10-25
2025-10-28 05:00:00,118.82,106.91,120.68,2025-10-25
2025-10-28 06:00:00,118.82,106.91,120.68,2025-10-25
2025-10-28 07:00:00,118.82,106.91,120.68,2025-10-25
2025-10-28 08:00:00,118.82,106.91,120.68,2025-10-25
2025-10-28 09:00:00,118.82,106.91,120.68,2025-10-25
2025-10-28 10:00:00,118.82,106.91,120.68,2025-10-25
2025-10-28 11:00:00,118.82,106.91,120.68,2025-10-25
2025-10-28 12:00:00,118.82,106.91,120.68,2025-10-25
2025-10-28 13:00:00,118.82,106.91,120.68,2025-10-25
2025-10-28 14:00:00,118.82,106.91,120.68,2025-10-25
2025-10-28 15:00:00,118.82,106.91,120.68,2025-10-25
2025-10-28 16:00:00,118.82,106.91,120.68,2025-10-25
2025-10-28 17:00:00,118.82,106.91,120.68,2025-10-25
2025-10-28 18:00:00,118.82,106.91,120.68,2025-10-25
2025-10-28 19:00:00,118.82,106.91,120.68,2025-10-25
2025-10-28 20:00:00,118.82,106.91,120.68,2025-10-25
2025-10-28 21:00:00,118.82,106.91,120.68,2025-10-25
2025-10-28 22:00:00,118.82,106.91,120.68,2025-10-25
2025-10-28 23:00:00,118.82,106.91,120.68,2025-10-25
2025-10-29 00:00:00,118.82,106.91,120.68,2025-10-25
